Link,Image,Name,Release date,Weight,OS,Storage,Screen_size,Screen_resolution,RAM,Battery,net2g,net3g,net4g,speed,year,status,dimensions,weight,build,sim,displaytype,displaysize,displayresolution,os,chipset,cpu,gpu,memoryslot,internalmemory,cam1modules,cam1features,cam1video,cam2modules,cam2video,wlan,bluetooth,gps,nfc,radio,usb,sensors,batdescription1,battalktime1,batmusicplayback1,colors,models,sar-us,sar-eu,price
https://www.gsmarena.com/samsung_z2-8288.php,https://fdn2.gsmarena.com/vv/bigpic/samsung-z2.jpg,Samsung Z2,"Released 2016, August","127g, 10.8mm thickness",Tizen 2.4,"8GB storage, microSDXC","4.0""",480x800 pixels,1 GB RAM,1500 mAh Li-Ion,GSM 900 / 1800 - SIM 1 & SIM 2,HSDPA 900 / 2100,"1, 3, 5, 8, 40","HSPA 42.2/5.76 Mbps, LTE Cat4 150/50 Mbps","2016, August. Released 2016, August",Discontinued,121.5 x 63 x 10.8 mm (4.78 x 2.48 x 0.43 in),127 g (4.48 oz),"Glass front, plastic back, plastic frame","Dual SIM (Micro-SIM, dual stand-by)","TFT, 256K colors","4.0 inches, 45.5 cm(~59.5% screen-to-body ratio)","480 x 800 pixels, 5:3 ratio (~233 ppi density)",Tizen 2.4,Spreadtrum SC9830,Quad-core 1.5 GHz Cortex-A7,Mali-400MP2,microSDXC (dedicated slot),8GB 1GB RAM,"5 MP, f/2.2",LED flash,720p@30fps,"VGA, f/2.4",,"Wi-Fi 802.11 b/g/n, Wi-Fi Direct, hotspot","4.0, A2DP","GPS, GLONASS",No,FM radio,microUSB 2.0,Accelerometer,"Li-Ion 1500 mAh, removable",Up to 8 h (3G),Up to 30 h,"Gold, Black, Red","SM-Z200F/DD, SM-Z200F, SM-Z200Y",0.81 W/kg (head),0.58 W/kg (head)     1.30 W/kg (body),About 80 EUR
https://www.gsmarena.com/samsung_galaxy_note7_(usa)-8242.php,https://fdn2.gsmarena.com/vv/bigpic/samsung-galaxy-note7-usa.jpg,Samsung Galaxy Note7 (USA),"Released 2016, August","169g, 7.9mm thickness","Android 6.0.1, TouchWiz UI","64GB storage, microSDXC","5.7""",1440x2560 pixels,4 GB RAM,3500 mAh Li-Ion,GSM 850 / 900 / 1800 / 1900,HSDPA 850 / 900 / 1700(AWS) / 1900 / 2100,"1, 2, 3, 4, 5, 7, 8, 12, 13, 17, 18, 19, 20, 25, 26, 29, 30, 38, 39, 40, 41","HSPA, LTE-A, EV-DO Rev.A 3.1 Mbps","2016, August. Released 2016, August",Discontinued,153.5 x 73.9 x 7.9 mm (6.04 x 2.91 x 0.31 in),169 g (5.96 oz),"Glass front (Gorilla Glass 5), glass back (Gorilla Glass 5), aluminum frame",Nano-SIM,IP68 dust/water resistant (up to 1.5m for 30 min),"Super AMOLED, HDR10","5.7 inches, 89.6 cm(~79.0% screen-to-body ratio)","1440 x 2560 pixels, 16:9 ratio (~515 ppi density)",Corning Gorilla Glass 5,Always-on display,"Android 6.0.1 (Marshmallow), TouchWiz UI",Qualcomm MSM8996 Snapdragon 820 (14 nm),Quad-core (2x2.15 GHz Kryo & 2x1.6 GHz Kryo),Adreno 530,microSDXC (dedicated slot),64GB 4GB RAM,"12 MP, f/1.7, 26mm (wide), 1/2.55"", 1.4µm, dual pixel PDAF, OIS","LED flash, auto-HDR, panorama","4K@30fps, 1080p@30/60fps, 720p@240fps, stereo sound rec., HDR, gyro-EIS","5 MP, f/1.7, 22mm (wide)","Dual video call, Auto-HDR",,24-bit/192kHz audio,"Wi-Fi 802.11 a/b/g/n/ac, dual-band, Wi-Fi Direct","4.2, A2DP, EDR, LE","GPS, GLONASS",Yes,No,USB Type-C 3.1,"Iris scanner, fingerprint (front-mounted), accelerometer, gyro, proximity, compass, barometer, heart rate, SpO2",ANT+,"Li-Ion 3500 mAh, non-removable",Up to 38 h (3G),Up to 60 h,"Blue Coral, Silver Titanium, Black Onyx","SM-N930V, SM-N930A, SM-N930P, SM-N930T, SM-N930R4, SM-N930W8, SM-N930F, SM-N930G, SM-N930S",0.65 W/kg (head)     1.59 W/kg (body),About 760 EUR,Basemark OS II 2.0: 2432Basemark X: 33520,
https://www.gsmarena.com/samsung_galaxy_note7-8082.php,https://fdn2.gsmarena.com/vv/bigpic/samsung-galaxy-note7.jpg,Samsung Galaxy Note7,"Released 2016, September","169g, 7.9mm thickness","Android 6.0.1, TouchWiz UI","64GB storage, microSDXC","5.7""",1440x2560 pixels,4 GB RAM,3500 mAh Li-Ion,GSM 850 / 900 / 1800 / 1900 - SIM 1 & SIM 2 (dual-SIM model only),HSDPA 850 / 900 / 1900 / 2100,LTE (unspecified),"HSPA 42.2/5.76 Mbps, LTE-A (3CA) Cat9/Cat10 or LTE-A (3CA) Cat12 600/150 Mbps","2016, August. Released 2016, September",Discontinued,153.5 x 73.9 x 7.9 mm (6.04 x 2.91 x 0.31 in),169 g (5.96 oz),"Glass front (Gorilla Glass 5), glass back (Gorilla Glass 5), aluminum frame","Single SIM (Nano-SIM) or Hybrid Dual SIM (Nano-SIM, dual stand-by)",IP68 dust/water resistant (up to 1.5m for 30 min),"Super AMOLED, HDR10","5.7 inches, 88.5 cm(~78.0% screen-to-body ratio)","1440 x 2560 pixels, 16:9 ratio (~518 ppi density)",Corning Gorilla Glass 5,Always-on display,"Android 6.0.1 (Marshmallow), TouchWiz UI",Exynos 8890 Octa (14 nm),Octa-core (4x2.3 GHz Mongoose & 4x1.6 GHz Cortex-A53),Mali-T880 MP12,microSDXC (uses shared SIM slot) - dual SIM model only,64GB 4GB RAM,UFS 2.0,"12 MP, f/1.7, 26mm (wide), 1/2.55"", 1.4µm, dual pixel PDAF, OIS","LED flash, auto-HDR, panorama","4K@30fps, 1080p@30/60fps, 720p@240fps, stereo sound rec., HDR, gyro-EIS","5 MP, f/1.7, 22mm (wide)","Dual video call, Auto-HDR",,24-bit/192kHz audio,"Wi-Fi 802.11 a/b/g/n/ac, dual-band, Wi-Fi Direct","4.2, A2DP, EDR, LE","GPS, GLONASS, BDS, GALILEO",Yes,No,USB Type-C 3.1,"Iris scanner, fingerprint (front-mounted), accelerometer, gyro, proximity, compass, barometer, heart rate, SpO2",ANT+,"Li-Ion 3500 mAh, non-removable","Blue Coral, Gold Platinum, Silver Titanium, Black Onyx","SM-N930V, SM-N930A, SM-N930P, SM-N930T, SM-N930R4, SM-N930W8, SM-N930F, SM-N930G, SM-N930S",0.25 W/kg (head)     1.28 W/kg (body),About 850 EUR,Basemark OS II 2.0: 2676Basemark X: 32648,
https://www.gsmarena.com/samsung_galaxy_on7_pro-8140.php,https://fdn2.gsmarena.com/vv/bigpic/samsung-galaxy-on7-.jpg,Samsung Galaxy On7 Pro,"Released 2016, July","172g, 8mm thickness",Android 6.0.1,"16GB storage, microSDXC","5.5""",720x1280 pixels,2 GB RAM,3000 mAh Li-Ion,GSM 850 / 900 / 1800 / 1900 - SIM 1 & SIM 2,HSDPA 850 / 900 / 1900 / 2100 - G600FY,LTE - G600FY,"HSPA 42.2/5.76 Mbps, LTE Cat4 150/50 Mbps","2016, July. Released 2016, July",Discontinued,152 x 78 x 8 mm (5.98 x 3.07 x 0.31 in),172 g (6.07 oz),"Glass front, plastic back, plastic frame","Hybrid Dual SIM (Micro-SIM, dual stand-by)",TFT,"5.5 inches, 83.4 cm(~70.3% screen-to-body ratio)","720 x 1280 pixels, 16:9 ratio (~267 ppi density)",Android 6.0.1 (Marshmallow),Qualcomm MSM8916 Snapdragon 410 (28 nm),Quad-core 1.2 GHz Cortex-A53,Adreno 306,microSDXC (uses shared SIM slot),16GB 2GB RAM,eMMC 4.5,"13 MP, f/2.1, AF",LED flash,1080p@30fps,"5 MP, f/2.2",,"Wi-Fi 802.11 b/g/n, Wi-Fi Direct","4.1, A2DP","GPS, GLONASS/ BDS (region dependent)",No,FM radio,microUSB 2.0,"Accelerometer, proximity","Li-Ion 3000 mAh, removable","White, Black, Gold",SM-G600FY,0.79 W/kg (head)     0.90 W/kg (body),0.38 W/kg (head)     0.54 W/kg (body),About 150 EUR
https://www.gsmarena.com/samsung_galaxy_on5_pro-8192.php,https://fdn2.gsmarena.com/vv/bigpic/samsung-galaxy-on5.jpg,Samsung Galaxy On5 Pro,"Released 2016, July","149g, 8.5mm thickness",Android 6.0,"16GB storage, microSDXC","5.0""",720x1280 pixels,2 GB RAM,2600 mAh Li-Ion,GSM 850 / 900 / 1800 / 1900 - SIM 1 & SIM 2,HSDPA 850 / 900 / 1900 / 2100 - G550FY,"1, 3, 5, 8, 20, 40 - G550FY","HSPA 42.2/5.76 Mbps, LTE Cat4 150/50 Mbps","2016, July. Released 2016, July",Discontinued,142.3 x 72.1 x 8.5 mm (5.60 x 2.84 x 0.33 in),149 g (5.26 oz),"Dual SIM (Micro-SIM, dual stand-by)",TFT,"5.0 inches, 68.9 cm(~67.2% screen-to-body ratio)","720 x 1280 pixels, 16:9 ratio (~294 ppi density)",Android 6.0 (Marshmallow),Exynos 3475 Quad (28 nm),Quad-core 1.3 GHz Cortex-A7,Mali-T720,microSDXC (dedicated slot),16GB 2GB RAM,eMMC 4.5,"8 MP, f/2.2, AF",LED flash,1080p@30fps,"5 MP, f/2.2",,"Wi-Fi 802.11 b/g/n, Wi-Fi Direct","4.1, A2DP","GPS, GLONASS",No,FM radio,microUSB 2.0,"Accelerometer, proximity","Li-Ion 2600 mAh, removable","White, Black","SM-G5500, SM-G550F, SM-G550FY",1.40 W/kg (head)     1.09 W/kg (body),0.40 W/kg (head)     0.31 W/kg (body),About 120 EUR
https://www.gsmarena.com/samsung_galaxy_tab_j-8227.php,https://fdn2.gsmarena.com/vv/bigpic/samsung-galaxy-j-tablet1.jpg,Samsung Galaxy Tab J,"Released 2016, August","289g, 8.7mm thickness",Android 5.1,"8GB storage, microSDXC","7.0""",800x1280 pixels,1.5 GB RAM,4000 mAh Li-Ion,GSM 850 / 900 / 1800 / 1900,HSDPA 850 / 900 / 1900 / 2100,LTE (unspecified),"HSPA 42.2/5.76 Mbps, LTE Cat4 150/50 Mbps","2016, July. Released 2016, August",Discontinued,186.9 x 108.8 x 8.7 mm (7.36 x 4.28 x 0.34 in),289 g (10.19 oz),Micro-SIM,PLS,"7.0 inches, 142.1 cm(~69.9% screen-to-body ratio)","800 x 1280 pixels, 16:10 ratio (~216 ppi density)",Android 5.1 (Lollipop),Spreadtrum SC8830,Quad-core 1.5 GHz Cortex-A7,Mali-400MP2,microSDXC (dedicated slot),8GB 1.5GB RAM,"8 MP, f/1.9, AF","LED flash, HDR, panorama",1080p@30fps,"2 MP, f/2.2",,"Wi-Fi 802.11 b/g/n, Wi-Fi Direct, hotspot","4.0, A2DP","GPS, GLONASS",No,"FM radio, RDS","microUSB 2.0, OTG",Accelerometer,"Li-Ion 4000 mAh, non-removable","White, Gold",SM-T285YD
https://www.gsmarena.com/samsung_galaxy_j_max-8186.php,https://fdn2.gsmarena.com/vv/bigpic/samsung-galaxy-j-max3.jpg,Samsung Galaxy J Max,"Released 2016, August","289g, 8.7mm thickness",Android 5.1,"8GB storage, microSDXC","7.0""",800x1280 pixels,1.5 GB RAM,4000 mAh Li-Ion,GSM 850 / 900 / 1800 / 1900 - SIM 1 & SIM 2 (dual-SIM model only),HSDPA 850 / 900 / 1900 / 2100,"1, 3, 5, 7, 8, 28, 40","HSPA 42.2/5.76 Mbps, LTE Cat4 150/50 Mbps","2016, July. Released 2016, August",Discontinued,186.9 x 108.8 x 8.7 mm (7.36 x 4.28 x 0.34 in),289 g (10.19 oz),"Dual SIM (Nano-SIM, dual stand-by)",TFT,"7.0 inches, 142.1 cm(~69.9% screen-to-body ratio)","800 x 1280 pixels, 16:10 ratio (~216 ppi density)",Android 5.1 (Lollipop),Spreadtrum SC8830,Quad-core 1.5 GHz Cortex-A7,Mali-400MP2,microSDXC (dedicated slot),8GB 1.5GB RAM,"8 MP, f/1.9, AF","LED flash, HDR, panorama",720p@30fps,"2 MP, f/2.2",,"Wi-Fi 802.11 b/g/n, Wi-Fi Direct, hotspot","4.0, A2DP","GPS, GLONASS",No,"FM radio, RDS, recording","microUSB 2.0, OTG",Accelerometer,"Li-Ion 4000 mAh, non-removable",Up to 21 h (3G),Up to 87 h,"Black, Gold","SM-T285, SM-T285YD",About 150 EUR
https://www.gsmarena.com/samsung_galaxy_j2_pro_(2016)-8228.php,https://fdn2.gsmarena.com/vv/bigpic/samsung-galaxy-j2-2016-new.jpg,Samsung Galaxy J2 Pro (2016),"Released 2016, July","138g, 8mm thickness",Android 6.0.1,"16GB storage, microSDXC","5.0""",720x1280 pixels,2 GB RAM,2600 mAh Li-Ion,GSM 850 / 900 / 1800 / 1900 - SIM 1 & SIM 2,HSDPA 850 / 900 / 1900 / 2100,"1, 3, 5, 8, 20, 40 - India","HSPA 42.2/5.76 Mbps, LTE Cat4 150/50 Mbps","2016, July. Released 2016, July",Discontinued,142.4 x 71.1 x 8 mm (5.61 x 2.80 x 0.31 in),138 g (4.87 oz),"Glass front, plastic back, plastic frame","Dual SIM (Micro-SIM, dual stand-by)",Super AMOLED,"5.0 inches, 68.9 cm(~68.1% screen-to-body ratio)","720 x 1280 pixels, 16:9 ratio (~294 ppi density)",Android 6.0.1 (Marshmallow),Spreadtrum SC8830,Quad-core 1.5 GHz Cortex-A7,Mali-400MP2,microSDXC (dedicated slot),16GB 2GB RAM,"8 MP, f/2.2, AF","LED flash, HDR, panorama",720p@30fps,"5 MP, f/2.2",,"Wi-Fi 802.11 b/g/n, Wi-Fi Direct","4.1, A2DP, LE","GPS, GLONASS",No,"FM radio, RDS","microUSB 2.0, OTG","Accelerometer, proximity","Li-Ion 2600 mAh, removable",Up to 14 h (3G),Up to 54 h,"Silver, Black, Gold","SM-J210F, SM-J210G, SM-J210H, SM-J210GU",0.78 W/kg (head),0.59 W/kg (head)     1.24 W/kg (body),About 140 EUR
https://www.gsmarena.com/samsung_galaxy_j2_(2016)-8083.php,https://fdn2.gsmarena.com/vv/bigpic/samsung-galaxy-j2-2016-new.jpg,Samsung Galaxy J2 (2016),"Released 2016, July","138g, 8mm thickness",Android 6.0.1,"8GB storage, microSDXC","5.0""",720x1280 pixels,1.5 GB RAM,2600 mAh Li-Ion,GSM 850 / 900 / 1800 / 1900 - SIM 1 & SIM 2 (dual-SIM model only),HSDPA 850 / 900 / 1900 / 2100,"1, 3, 5, 8, 20, 40 - India","HSPA 42.2/5.76 Mbps, LTE Cat4 150/50 Mbps","2016, July. Released 2016, July",Discontinued,142.4 x 71.1 x 8 mm (5.61 x 2.80 x 0.31 in),138 g (4.87 oz),"Glass front, plastic back, plastic frame","Dual SIM (Micro-SIM, dual stand-by)",Super AMOLED,"5.0 inches, 68.9 cm(~68.1% screen-to-body ratio)","720 x 1280 pixels, 16:9 ratio (~294 ppi density)",Android 6.0.1 (Marshmallow),Spreadtrum SC8830,Quad-core 1.5 GHz Cortex-A7,Mali-400MP2,microSDXC (dedicated slot),8GB 1.5GB RAM,"8 MP, f/2.2, AF","LED flash, HDR, panorama",720p@30fps,"5 MP, f/2.2",,"Wi-Fi 802.11 b/g/n, Wi-Fi Direct","4.1, A2DP, LE","GPS, GLONASS",No,"FM radio, RDS",microUSB 2.0,"Accelerometer, proximity","Li-Ion 2600 mAh, removable",Up to 14 h (3G),Up to 54 h,"Silver, Black, Gold","SM-J210F, SM-J210G, SM-J210H, SM-J210GU",0.59 W/kg (head)     1.24 W/kg (body),About 120 EUR,Basemark OS II 2.0: 406Basemark X: 1419
https://www.gsmarena.com/samsung_z3_corporate-8170.php,https://fdn2.gsmarena.com/vv/bigpic/samsung-z3.jpg,Samsung Z3 Corporate,"Released 2016, June",7.9mm thickness,Tizen 2.4,"8GB storage, microSDXC","5.0""",720x1280 pixels,1 GB RAM,2600 mAh Li-Ion,GSM 850 / 900 / 1800 / 1900 - SIM 1 & SIM 2,HSDPA 850 / 900 / 1900 / 2100,LTE 800 / 850 / 900 / 1800 / 2100 / 2600,"HSPA 42.2/5.76 Mbps, LTE Cat4 150/50 Mbps","2016, June. Released 2016, June",Discontinued,141.5 x 69.9 x 7.9 mm (5.57 x 2.75 x 0.31 in),-,"Hybrid Dual SIM (Micro-SIM, dual stand-by)",Super AMOLED,"5.0 inches, 68.9 cm(~69.7% screen-to-body ratio)","720 x 1280 pixels, 16:9 ratio (~294 ppi density)",Tizen 2.4,Qualcomm MSM8916 Snapdragon 410 (28 nm),Quad-core 1.2 GHz Cortex-A53,Adreno 306,microSDXC (uses shared SIM slot),8GB 1GB RAM,eMMC 4.5,"8 MP, f/2.2, AF","LED flash, panorama, HDR",1080p@30fps,"5 MP, f/2.2",,"Wi-Fi 802.11 b/g/n, Wi-Fi Direct","4.1, A2DP, LE","GPS, GLONASS",No,FM radio,"microUSB 2.0, OTG","Accelerometer, proximity",MP4/H.264 player,"Li-Ion 2600 mAh, removable","Black, Silver, Gold",About 200 EUR
https://www.gsmarena.com/samsung_galaxy_xcover_3_g389f-8455.php,https://fdn2.gsmarena.com/vv/bigpic/samsung-galaxy-xcover-3-SM-G389F.jpg,Samsung Galaxy Xcover 3 G389F,"Released 2016, April","154g, 10mm thickness",Android 6.0,"8GB storage, microSDXC","4.5""",480x800 pixels,1.5 GB RAM,2200 mAh Li-Ion,GSM 850 / 900 / 1800 / 1900,HSDPA 850 / 900 / 1900 / 2100,"1, 7, 8, 20","HSPA 21.1/5.76 Mbps, LTE Cat4 150/50 Mbps","2016, April. Released 2016, April",Discontinued,132.9 x 70.1 x 10 mm (5.23 x 2.76 x 0.39 in),154 g (5.43 oz),Micro-SIM,IP67 dust/water resistant (up to 1m for 30 min),PLS LCD,"4.5 inches, 57.6 cm(~61.9% screen-to-body ratio)","480 x 800 pixels, 5:3 ratio (~207 ppi density)",Android 6.0 (Marshmallow),Exynos 3475 Quad (28 nm),Quad-core 1.3 GHz Cortex-A53,Mali-T720,microSDXC (dedicated slot),8GB 1.5GB RAM,eMMC 4.5,"5 MP, AF",LED flash,720p@30fps,2 MP,,"Wi-Fi 802.11 a/b/g/n, dual-band, Wi-Fi Direct","4.1, A2DP, LE","GPS, GLONASS",Yes,FM radio,microUSB 2.0,"Accelerometer, proximity, compass","Li-Ion 2200 mAh, removable",Up to 13 h (3G),Up to 42 h,Gray,SM-G389F,1.02 W/kg (head)     1.31 W/kg (body),0.78 W/kg (head)     1.37 W/kg (body),About 200 EUR
https://www.gsmarena.com/samsung_galaxy_s7_active-8004.php,https://fdn2.gsmarena.com/vv/bigpic/samsung-galaxy-s7-active.jpg,Samsung Galaxy S7 active,"Released 2016, June","184.8g, 9.9mm thickness","Android 6.0, up to 7.0, TouchWiz UI","32GB storage, microSDXC","5.1""",1440x2560 pixels,4 GB RAM,4000 mAh Li-Ion,GSM 850 / 900 / 1800 / 1900,HSDPA 850 / 1900 / 2100,"1, 2, 3, 4, 5, 7, 8, 12, 20, 29, 30, 38, 39, 40, 41","HSPA 42.2/5.76 Mbps, LTE-A (3CA) Cat9 450/50 Mbps","2016, June. Released 2016, June",Discontinued,148.8 x 74.9 x 9.9 mm (5.86 x 2.95 x 0.39 in),184.8 g (6.53 oz),"Glass front (Gorilla Glass 4), plastic back, aluminum frame",Nano-SIM,IP68 dust/water resistant (up to 1.5m for 30 min),Super AMOLED,"5.1 inches, 71.7 cm(~64.3% screen-to-body ratio)","1440 x 2560 pixels, 16:9 ratio (~576 ppi density)",Corning Gorilla Glass 4,Always-on display,"Android 6.0 (Marshmallow), upgradable to 7.0 (Nougat), TouchWiz UI",Qualcomm MSM8996 Snapdragon 820 (14 nm),Quad-core (2x2.15 GHz Kryo & 2x1.6 GHz Kryo),Adreno 530,microSDXC (dedicated slot),32GB 4GB RAM,"12 MP, f/1.7, 26mm (wide), 1/2.55"", 1.4µm, dual pixel PDAF, OIS","LED flash, auto-HDR, panorama","4K@30fps, 1080p@30fps (gyro-EIS), 1080p@60fps, 720p@240fps, HDR, stereo sound rec., OIS","5 MP, f/1.7, 22mm (wide), 1/4.1"", 1.34µm","Dual video call, Auto-HDR",,"Wi-Fi 802.11 a/b/g/n/ac, dual-band, Wi-Fi Direct","4.2, A2DP, LE, aptX","GPS, GLONASS",Yes,"Stereo FM radio, RDS","microUSB 2.0, OTG","Fingerprint (front-mounted), accelerometer, gyro, proximity, compass, barometer, heart rate, SpO2",ANT+,"Li-Ion 4000 mAh, non-removable",Up to 384 h (3G),Up to 32 h (3G),Up to 110 h,"Camo Green, Titanium Gray, Sandy Gold",SM-G891A,0.92 W/kg (head)     0.75 W/kg (body),0.32 W/kg (head)     0.98 W/kg (body),About 360 EUR,Basemark OS II 2.0: 2487Basemark X: 32362,
https://www.gsmarena.com/samsung_galaxy_j3_pro-8126.php,https://fdn2.gsmarena.com/vv/bigpic/samsung-galaxy-j3-2017r1.jpg,Samsung Galaxy J3 Pro,"Released 2016, June","139g, 8mm thickness",Android 5.1,"16GB storage, microSDXC","5.0""",720x1280 pixels,2 GB RAM,2600 mAh Li-Ion,GSM 850 / 900 / 1800 / 1900 - SIM 1 & SIM 2,HSDPA 850 / 900 / 1900 / 2100,"1, 3, 7, 41","HSPA 42.2/5.76 Mbps, LTE Cat4 150/50 Mbps","2016, June. Released 2016, June",Discontinued,142.2 x 71.3 x 8 mm (5.60 x 2.81 x 0.31 in),139 g (4.90 oz),"Glass front, aluminum back, aluminum frame","Dual SIM (Micro-SIM, dual stand-by)",Super AMOLED,"5.0 inches, 68.9 cm(~68.0% screen-to-body ratio)","720 x 1280 pixels, 16:9 ratio (~294 ppi density)",Android 5.1 (Lollipop),Qualcomm MSM8916 Snapdragon 410 (28 nm),Quad-core 1.2 GHz Cortex-A53,Adreno 306,microSDXC (dedicated slot),16GB 2GB RAM,eMMC 4.5,"8 MP, f/2.2, AF","LED flash, HDR",1080p@30fps,"5 MP, f/2.2",,"Wi-Fi 802.11 b/g/n, Wi-Fi Direct, hotspot","4.1, A2DP","GPS, GLONASS, BDS",Yes,"FM radio, RDS, recording","microUSB 2.0, OTG","Accelerometer, proximity","Li-Ion 2600 mAh, removable","White, Black, Gold","SM-J3119, SM-J3110, SM-J327, SM-J3119S",0.43 W/kg (head)     1.37 W/kg (body),About 130 EUR
https://www.gsmarena.com/samsung_galaxy_c7-8046.php,https://fdn2.gsmarena.com/vv/bigpic/samsung-galaxy-c7.jpg,Samsung Galaxy C7,"Released 2016, June","169g, 6.8mm thickness","Android 6.0.1, up to Android 8.0","32GB/64GB storage, microSDXC","5.7""",1080x1920 pixels,4 GB RAM,3300 mAh Li-Ion,GSM 850 / 900 / 1800 / 1900,HSDPA 850 / 900 / 1900 / 2100 - C7000,"1, 3, 7, 8, 38, 39, 40, 41 - C7000","HSPA 42.2/5.76 Mbps, LTE Cat4 150/50 Mbps","2016, May. Released 2016, June",Discontinued,156.6 x 77.2 x 6.8 mm (6.17 x 3.04 x 0.27 in),169 g (5.96 oz),"Glass front, aluminum back, aluminum frame","Hybrid Dual SIM (Nano-SIM, dual stand-by)",Super AMOLED,"5.7 inches, 89.6 cm(~74.1% screen-to-body ratio)","1080 x 1920 pixels, 16:9 ratio (~386 ppi density)","Android 6.0.1 (Marshmallow), upgradable to Android 8.0 (Oreo)",Qualcomm MSM8953 Snapdragon 625 (14 nm),Octa-core 2.0 GHz Cortex-A53,Adreno 506,microSDXC (uses shared SIM slot),"32GB 4GB RAM, 64GB 4GB RAM",eMMC 5.1,"16 MP, f/1.9, AF","Dual-LED dual-tone flash, panorama, HDR",1080p@30fps,"8 MP, f/1.9",1080p@30fps,"Wi-Fi 802.11 a/b/g/n/ac, dual-band, Wi-Fi Direct","4.2, A2DP, LE","GPS, GLONASS/ BDS (region dependent)",Yes,Stereo FM radio with RDS; recording,microUSB 2.0,"Fingerprint (front-mounted), accelerometer, proximity, compass",ANT+,"Li-Ion 3300 mAh, non-removable","Gold, Pink Gold, Dark Gray",SM-C7000,About 250 EUR,Basemark OS II 2.0: 1222Basemark X: 10445,
https://www.gsmarena.com/samsung_galaxy_c5-8047.php,https://fdn2.gsmarena.com/vv/bigpic/samsung-galaxy-c5r3.jpg,Samsung Galaxy C5,"Released 2016, June","143g, 6.7mm thickness","Android 6.0.1, up to Android 8.0","32GB/64GB storage, microSDXC","5.2""",1080x1920 pixels,4 GB RAM,2600 mAh Li-Ion,GSM 850 / 900 / 1800 / 1900,HSDPA 850 / 900 / 1900 / 2100 - C5000,"1, 3, 7, 8, 38, 39, 40, 41 - C5000","HSPA 42.2/5.76 Mbps, LTE Cat4 150/50 Mbps","2016, May. Released 2016, June",Discontinued,145.9 x 72 x 6.7 mm (5.74 x 2.83 x 0.26 in),143 g (5.04 oz),"Glass front, aluminum back, aluminum frame","Hybrid Dual SIM (Nano-SIM, dual stand-by)",Super AMOLED,"5.2 inches, 74.5 cm(~71.0% screen-to-body ratio)","1080 x 1920 pixels, 16:9 ratio (~424 ppi density)","Android 6.0.1 (Marshmallow), upgradable to Android 8.0 (Oreo)",Qualcomm MSM8952 Snapdragon 617 (28 nm),Octa-core (4x1.5 GHz Cortex-A53 & 4x1.2 GHz Cortex-A53),Adreno 405,microSDXC (uses shared SIM slot),"32GB 4GB RAM, 64GB 4GB RAM",eMMC 5.1,"16 MP, f/1.9, AF","Dual-LED dual-tone flash, panorama, HDR",1080p@30fps,"8 MP, f/1.9",1080p@30fps,"Wi-Fi 802.11 a/b/g/n, Wi-Fi Direct","4.2, A2DP, LE","GPS, GLONASS/ BDS (region dependent)",Yes,Stereo FM radio with RDS; recording,microUSB 2.0,"Fingerprint (front-mounted), accelerometer, proximity, compass",ANT+,"Li-Ion 2600 mAh, non-removable","Gold, Pink Gold, Dark Gray",SM-C5000,0.45 W/kg (head)     1.07 W/kg (body),About 220 EUR,Basemark OS II 2.0: 815Basemark X: 5039,
https://www.gsmarena.com/samsung_galaxy_a9_pro_(2016)-7903.php,https://fdn2.gsmarena.com/vv/bigpic/samsung-galaxy-a9-pro1.jpg,Samsung Galaxy A9 Pro (2016),"Released 2016, May","210g, 7.9mm thickness","Android 6.0.1, up to 8.0, Experience UI 9","32GB storage, microSDXC","6.0""",1080x1920 pixels,4 GB RAM,5000 mAh Li-Ion,GSM 850 / 900 / 1800 / 1900 - SIM 1 & SIM 2 (dual-SIM model only),HSDPA 850 / 900 / 1900 / 2100,"1, 3, 5, 7, 8, 40","HSPA 42.2/5.76 Mbps, LTE-A (3CA) Cat6 300/50 Mbps","2016, March. Released 2016, May",Discontinued,161.7 x 80.9 x 7.9 mm (6.37 x 3.19 x 0.31 in),210 g (7.41 oz),"Glass front (Gorilla Glass 4), glass back (Gorilla Glass 4), aluminum frame","Single SIM (Nano-SIM) or Dual SIM (Nano-SIM, dual stand-by)",Super AMOLED,"6.0 inches, 99.2 cm(~75.9% screen-to-body ratio)","1080 x 1920 pixels, 16:9 ratio (~367 ppi density)",Corning Gorilla Glass 4,"Android 6.0.1 (Marshmallow), upgradable to Android 8.0 (Oreo), Experience UI 9",Qualcomm MSM8976 Snapdragon 652 (28 nm),Octa-core (4x1.8 GHz Cortex-A72 & 4x1.4 GHz Cortex-A53),Adreno 510,microSDXC (dedicated slot),32GB 4GB RAM,eMMC 5.1,"16 MP, f/1.9, 1/2.8"", AF, OIS","LED flash, panorama, HDR",1080p@30fps,"8 MP, f/1.9",1080p@30fps,"Wi-Fi 802.11 a/b/g/n/ac, dual-band, Wi-Fi Direct","4.2, A2DP, EDR, LE","GPS, GLONASS/ BDS (market dependant)",Yes,"FM radio, RDS, recording",microUSB 2.0,"Fingerprint (front-mounted), accelerometer, proximity, compass",ANT+,"Li-Ion 5000 mAh, non-removable",Up to 33 h (3G),Up to 109 h,"White, Black, Gold","SM-A9100, SM-A910F, SM-A910F",0.62 W/kg (head)     1.32 W/kg (body),About 300 EUR
https://www.gsmarena.com/samsung_galaxy_j7_(2016)-7870.php,https://fdn2.gsmarena.com/vv/bigpic/samsung-galaxy-j7-2016.jpg,Samsung Galaxy J7 (2016),"Released 2016, April","170g, 7.8mm thickness","Android 6.0.1, up to Android 8.1","16GB storage, microSDXC","5.5""",720x1280 pixels,2 GB RAM,3300 mAh Li-Ion,GSM 850 / 900 / 1800 / 1900 - SIM 1 & SIM 2 (dual-SIM model only),HSDPA 850 / 900 / 1900 / 2100,"1, 3, 5, 7, 8, 20, 40","HSPA, LTE Cat4 150/50 Mbps","2016, March 29. Released 2016, April",Discontinued,151.7 x 76 x 7.8 mm (5.97 x 2.99 x 0.31 in),170 g (6.00 oz),"Glass front, plastic back, aluminum frame","Single SIM (Micro-SIM) or Dual SIM (Micro-SIM, dual stand-by)",Super AMOLED,"5.5 inches, 83.4 cm(~72.3% screen-to-body ratio)","720 x 1280 pixels, 16:9 ratio (~267 ppi density)","Android 6.0.1 (Marshmallow), upgradable to Android 8.1 (Oreo)",Qualcomm MSM8952 Snapdragon 617 (28 nm)Exynos 7870 Octa (14 nm),Octa-core (4x1.6 GHz Cortex-A53 & 4x1.0 GHz Cortex-A53)Octa-core 1.6 GHz Cortex-A53,Adreno 405Mali-T830 MP1,microSDXC (dedicated slot),16GB 2GB RAM,eMMC 5.1,"13 MP, f/1.9, 28mm (wide), AF","LED flash, panorama, HDR",1080p@30fps,"5 MP, f/1.9",LED flash,,"Wi-Fi 802.11 b/g/n, Wi-Fi Direct","4.1, A2DP","GPS, GLONASS, BDS",Yes (market dependent for dual-SIM model),"FM radio, RDS, recording","microUSB 2.0, OTG","Accelerometer, proximity",ANT+,"Li-Ion 3300 mAh, removable",Up to 23 h (3G),Up to 96 h,"White, Black, Gold, Rose Gold","SM-J710FN, SM-J710F, SM-J710H, SM-J710M, SM-J710GN, SM-J710MN, SM-J710K, SM-J7108, SM-J710FQ",1.10 W/kg (head)     1.01 W/kg (body),0.35 W/kg (head)     1.39 W/kg (body),About 230 EUR,Basemark OS II 2.0: 1007Basemark X: 11199,
https://www.gsmarena.com/samsung_galaxy_j5_(2016)-7869.php,https://fdn2.gsmarena.com/vv/bigpic/samsung-galaxy-j5-2016r.jpg,Samsung Galaxy J5 (2016),"Released 2016, April","159g, 8.1mm thickness","Android 6.0.1, up to 7.1.1","16GB storage, microSDXC","5.2""",720x1280 pixels,2 GB RAM,3100 mAh Li-Ion,GSM 850 / 900 / 1800 / 1900 - SIM 1 & SIM 2 (dual-SIM model only),HSDPA 850 / 900 / 1900 / 2100,"1, 3, 5, 7, 8, 20","HSPA 21.1/5.76 Mbps, LTE Cat4 150/50 Mbps","2016, March. Released 2016, April",Discontinued,145.8 x 72.3 x 8.1 mm (5.74 x 2.85 x 0.32 in),159 g (5.61 oz),"Glass front, plastic back, aluminum frame","Single SIM (Micro-SIM) or Dual SIM (Micro-SIM, dual stand-by)",Super AMOLED,"5.2 inches, 74.5 cm(~70.7% screen-to-body ratio)","720 x 1280 pixels, 16:9 ratio (~282 ppi density)","Android 6.0.1 (Marshmallow), upgradable to 7.1.1 (Nougat)",Qualcomm MSM8916 Snapdragon 410 (28 nm),Quad-core 1.2 GHz Cortex-A53,Adreno 306,microSDXC (dedicated slot),16GB 2GB RAM,eMMC 4.5,"13 MP, f/1.9, 28mm (wide), AF",LED flash,1080p@30fps,"5 MP, f/1.9",LED flash,,"Wi-Fi 802.11 b/g/n, Wi-Fi Direct","4.1, A2DP","GPS, GLONASS",Yes (market dependant),"FM radio, RDS, recording","microUSB 2.0, OTG","Accelerometer, proximity",ANT+,"Li-Ion 3100 mAh, removable","White, Black, Gold, Rose Gold","SM-J510F, SM-J510G, SM-J510FN, SM-J510Y, SM-J510M, SM-J510GN, SM-J510H, SM-J510MN, SM-J5108, SM-J510UN, SM-J510L, SM-J510S, SM-J510FQ, SM-J510K",0.45 W/kg (head)     1.17 W/kg (body),About 190 EUR,Basemark OS II 2.0: 2180,
https://www.gsmarena.com/samsung_galaxy_tab_a_10_1_(2016)-8090.php,https://fdn2.gsmarena.com/vv/bigpic/samsung-galaxy-tab-a-101-2016.jpg,Samsung Galaxy Tab A 10.1 (2016),"Released 2016, May","525g, 8.2mm thickness","Android 6.0, up to Android 8.1","16GB/32GB storage, microSDXC","10.1""",1200x1920 pixels,2/3 GB RAM,7300 mAh Li-Ion,GSM 850 / 900 / 1800 / 1900,HSDPA 850 / 900 / 1900 / 2100,"1, 3, 5, 7, 8, 18, 19, 38, 40","HSPA 42.2/5.76 Mbps, LTE Cat4 150/50 Mbps","2016, May. Released 2016, May",Discontinued,254.2 x 155.3 x 8.2 mm (10.01 x 6.11 x 0.32 in),525 g (1.16 lb),"Glass front, plastic back, plastic frame",Nano-SIM,PLS LCD,"10.1 inches, 295.8 cm(~74.9% screen-to-body ratio)","1200 x 1920 pixels, 16:10 ratio (~224 ppi density)",Stylus (only S Pen models),"Android 6.0 (Marshmallow), upgradable to Android 8.1 (Oreo)",Exynos 7870 Octa (14 nm),Octa-core (4x1.6 GHz Cortex-A53 & 4x1.0 GHz Cortex-A53),Mali-T830 MP1,microSDXC (dedicated slot),"16GB 2GB RAM, 16GB 3GB RAM (S-Pen), 32GB 3GB RAM (S-Pen)",eMMC 5.1,"8 MP, f/1.9, AF","LED flash, panorama",1080p@30fps,"2 MP, f/2.2",1080p@30fps,"Wi-Fi 802.11 a/b/g/n/ac, dual-band, Wi-Fi Direct","4.2, A2DP, LE","GPS, GLONASS, Beidou (market dependent)",No,No,microUSB 2.0,Accelerometer,"Li-Ion 7300 mAh, non-removable","Pearl White, Metallic Black","SM-T580, SM-T585, SM-P580, SM-P585, SM-P585Y",0.92 W/kg (body),About 220 EUR
https://www.gsmarena.com/samsung_galaxy_tab_a_7_0_(2016)-7880.php,https://fdn2.gsmarena.com/vv/bigpic/samsung-galaxy-tab-a-70-2016-.jpg,Samsung Galaxy Tab A 7.0 (2016),"Released 2016, March","283g, 8.7mm thickness",Android 5.1.1,"8GB storage, microSDXC","7.0""",800x1280 pixels,1.5 GB RAM,4000 mAh Li-Ion,GSM 850 / 900 / 1800 / 1900,HSDPA 850 / 900 / 1900 / 2100,"1, 3, 5, 7, 8, 20","HSPA, LTE Cat4 150/50 Mbps","2016, March. Released 2016, March",Discontinued,186.9 x 108.8 x 8.7 mm (7.36 x 4.28 x 0.34 in),283 g (9.98 oz),"Glass front, plastic back, plastic frame",Micro-SIM,IPS LCD,"7.0 inches, 142.1 cm(~69.9% screen-to-body ratio)","800 x 1280 pixels, 16:10 ratio (~216 ppi density)",Android 5.1.1 (Lollipop),Qualcomm MSM8916 Snapdragon 410 (28 nm)Spreadtrum SC9830,Quad-core 1.3 GHz Cortex-A53Quad-core 1.5 GHz Cortex-A7,Adreno 306Mali-400MP2,microSDXC (dedicated slot),8GB 1.5GB RAM,eMMC 4.5,"5 MP, f/2.2, AF",Panorama,720p@30fps,"2 MP, f/2.2",,"Wi-Fi 802.11 b/g/n, Wi-Fi Direct, hotspot","4.0, A2DP","GPS, GLONASS",No,No,microUSB 2.0,Accelerometer,"Li-Ion 4000 mAh, non-removable",Up to 11 h (multimedia),Up to 100 h,"Pearl White, Metallic Black","SM-T280, SM-T285",0.64 W/kg (head)     0.85 W/kg (body),About 130 EUR
https://www.gsmarena.com/samsung_galaxy_s7-7821.php,https://fdn2.gsmarena.com/vv/bigpic/samsung-galaxy-s7--.jpg,Samsung Galaxy S7,"Released 2016, March 11","152g, 7.9mm thickness","Android 6.0, up to Android 8.0, TouchWiz UI","32GB/64GB storage, microSDXC","5.1""",1440x2560 pixels,4 GB RAM,3000 mAh Li-Ion,GSM 850 / 900 / 1800 / 1900 - SIM 1 & SIM 2 - G930FD,"HSDPA 850 / 900 / 1700(AWS) / 1900 / 2100 - G930F, G930FD, G930W8","1, 2, 3, 4, 5, 7, 8, 12, 13, 17, 18, 19, 20, 25, 26, 28, 38, 39, 40, 41 - G930F, G930FD","HSPA 42.2/5.76 Mbps, LTE-A (3CA) Cat9 450/50 Mbps","2016, February 21. Released 2016, March 11",Discontinued,142.4 x 69.6 x 7.9 mm (5.61 x 2.74 x 0.31 in),152 g (5.36 oz),"Glass front (Gorilla Glass 4), glass back (Gorilla Glass 4), aluminum frame","Single SIM (Nano-SIM) - G930FHybrid Dual SIM (Nano-SIM, dual stand-by) - G930FD",IP68 dust/water resistant (up to 1.5m for 30 min),Super AMOLED,"5.1 inches, 71.5 cm(~72.1% screen-to-body ratio)","1440 x 2560 pixels, 16:9 ratio (~577 ppi density)",Corning Gorilla Glass 4,Always-on display,"Android 6.0 (Marshmallow), upgradable to Android 8.0 (Oreo), TouchWiz UI",Exynos 8890 Octa (14 nm),Octa-core (4x2.3 GHz Mongoose & 4x1.6 GHz Cortex-A53),Mali-T880 MP12,microSDXC (uses shared SIM slot) - dual SIM model only,"32GB 4GB RAM, 64GB 4GB RAM",UFS 2.0,"12 MP, f/1.7, 26mm (wide), 1/2.55"", 1.4µm, Dual Pixel PDAF, OIS","LED flash, auto-HDR, panorama","4K@30fps, 1080p@30fps (gyro-EIS), 1080p@60fps, 720p@240fps, HDR, stereo sound rec., OIS","5 MP, f/1.7, 22mm (wide), 1/4.1"", 1.34µm","Dual video call, Auto-HDR",1440p,24-bit/192kHz audio,"Wi-Fi 802.11 a/b/g/n/ac, dual-band, Wi-Fi Direct","4.2, A2DP, LE, aptX","GPS, GLONASS, BDS",Yes,No,"microUSB 2.0, OTG","Fingerprint (front-mounted), accelerometer, gyro, proximity, compass, barometer, heart rate, SpO2",ANT+,"Li-Ion 3000 mAh, non-removable",Up to 22 h (3G),Up to 62 h,"Black, White, Gold, Silver, Pink Gold","SM-G930F, SM-G930A, SM-G930P, SM-G930V, SM-G930T, SM-G930R, SM-G930F, SM-G930FD, SM-G930W8, SM-G930S, SM-G930L, SM-G930K, SM-G9300",1.40 W/kg (head)     1.59 W/kg (body),0.41 W/kg (head)     0.62 W/kg (body),About 190 EUR,Basemark OS II 2.0: 2128Basemark X: 32345,
https://www.gsmarena.com/samsung_galaxy_s7_edge-7945.php,https://fdn2.gsmarena.com/vv/bigpic/samsung-galaxy-s7-edge-.jpg,Samsung Galaxy S7 edge,"Released 2016, March 11","157g, 7.7mm thickness","Android 6.0, up to Android 8.0, TouchWiz UI","32GB/64GB/128GB storage, microSDXC","5.5""",1440x2560 pixels,4 GB RAM,3600 mAh Li-Ion,"GSM 850 / 900 / 1800 / 1900 - SIM 1 & SIM 2 - G935FD, G9350","HSDPA 850 / 900 / 1700(AWS) / 1900 / 2100 - G935F, G935FD, G935W8","1, 2, 3, 4, 5, 7, 8, 12, 13, 17, 18, 19, 20, 25, 26, 28, 38, 39, 40, 41 - G935F, G935FD","HSPA 42.2/5.76 Mbps, LTE-A (3CA) Cat9 450/50 Mbps","2016, February 21. Released 2016, March 11",Discontinued,150.9 x 72.6 x 7.7 mm (5.94 x 2.86 x 0.30 in),157 g (5.54 oz),"Glass front (Gorilla Glass 4), glass back (Gorilla Glass 4), aluminum frame","Single SIM (Nano-SIM) - G935F, G935W8Hybrid Dual SIM (Nano-SIM, dual stand-by) - G935FD",IP68 dust/water resistant (up to 1.5m for 30 min),Super AMOLED,"5.5 inches, 83.4 cm(~76.1% screen-to-body ratio)","1440 x 2560 pixels, 16:9 ratio (~534 ppi density)",Corning Gorilla Glass 4,Always-on display,"Android 6.0 (Marshmallow), upgradable to Android 8.0 (Oreo), TouchWiz UI","Qualcomm MSM8996 Snapdragon 820 (14 nm) - G9350Exynos 8890 Octa (14 nm) - G935FD, G935F, G935W8","Quad-core (2x2.15 GHz Kryo & 2x1.6 GHz Kryo) - G9350Octa-core (4x2.3 GHz Mongoose & 4x1.6 GHz Cortex-A53) - G935FD, G935F, G935W8","Adreno 530 - G9350Mali-T880 MP12 - G935FD, G935F, G935W8",microSDXC (uses shared SIM slot) - dual SIM model only,"32GB 4GB RAM, 64GB 4GB RAM, 128GB 4GB RAM",UFS 2.0,"12 MP, f/1.7, 26mm (wide), 1/2.55"", 1.4µm, dual pixel PDAF, OIS","LED flash, auto-HDR, panorama","4K@30fps, 1080p@30fps (gyro-EIS), 1080p@60fps, 720p@240fps, HDR, stereo sound rec., OIS","5 MP, f/1.7, 22mm (wide), 1/4.1"", 1.34µm","Dual video call, Auto-HDR",,24-bit/192kHz audio,"Wi-Fi 802.11 a/b/g/n/ac, dual-band, Wi-Fi Direct","4.2, A2DP, LE, aptX","GPS, GLONASS, BDS",Yes,No,"microUSB 2.0, OTG","Fingerprint (front-mounted), accelerometer, gyro, proximity, compass, barometer, heart rate, SpO2",ANT+,"Li-Ion 3600 mAh, non-removable",Up to 27 h (3G),Up to 74 h,"Black, White, Gold, Silver, Pink Gold, Black Pearl, Coral Blue","SM-G935F, SM-G935FD, SM-G935W8, SM-G9350, SM-G935S, SC-02H, SM-G935K, SM-G935L, SM-G935R4, SCV33, SM-G935X, SM-G935VC",0.56 W/kg (head)     0.66 W/kg (body),0.26 W/kg (head)     1.43 W/kg (body),About 330 EUR,GFXBench: 8.3fps (ES 3.1 onscreen),
https://www.gsmarena.com/samsung_galaxy_s7_edge_(usa)-7961.php,https://fdn2.gsmarena.com/vv/bigpic/samsung-galaxy-s7-edge-usa.jpg,Samsung Galaxy S7 edge (USA),"Released 2016, March","157g, 7.7mm thickness","Android 6.0, up to Android 8.0, TouchWiz UI","32GB storage, microSDXC","5.5""",1440x2560 pixels,4 GB RAM,3600 mAh Li-Ion,GSM 850 / 900 / 1800 / 1900,"HSDPA 850 / 900 / 1900 / 2100 - G935A, G935P, G935R","1, 2, 3, 4, 5, 7, 8, 12, 20, 29, 30, 38, 39, 40, 41 - G935A","HSPA 42.2/5.76 Mbps, LTE-A (3CA) Cat9 450/50 Mbps, EV-DO Rev.A 3.1 Mbps","2016, February. Released 2016, March",Discontinued,150.9 x 72.6 x 7.7 mm (5.94 x 2.86 x 0.30 in),157 g (5.54 oz),"Glass front (Gorilla Glass 4), glass back (Gorilla Glass 4), aluminum frame",Nano-SIM,IP68 dust/water resistant (up to 1.5m for 30 min),Super AMOLED,"5.5 inches, 83.4 cm(~76.1% screen-to-body ratio)","1440 x 2560 pixels, 16:9 ratio (~534 ppi density)",Corning Gorilla Glass 4,Always-on display,"Android 6.0 (Marshmallow), upgradable to Android 8.0 (Oreo), TouchWiz UI",Qualcomm MSM8996 Snapdragon 820 (14 nm),Quad-core (2x2.15 GHz Kryo & 2x1.6 GHz Kryo),Adreno 530,microSDXC (dedicated slot),32GB 4GB RAM,"12 MP, f/1.7, 26mm (wide), 1/2.55"", 1.4µm, dual pixel PDAF, OIS","LED flash, auto-HDR, panorama","4K@30fps, 1080p@30fps (gyro-EIS), 1080p@60fps, 720p@240fps, HDR, stereo sound rec., OIS","5 MP, f/1.7, 22mm (wide), 1/4.1"", 1.34µm","Dual video call, Auto-HDR",,24-bit/192kHz audio,"Wi-Fi 802.11 a/b/g/n/ac, dual-band, Wi-Fi Direct","4.2, A2DP, LE, aptX","GPS, GLONASS",Yes,FM radio (after SW update; operator dependent),"microUSB 2.0, OTG","Fingerprint (front-mounted), accelerometer, gyro, proximity, compass, barometer, heart rate, SpO2",ANT+,"Li-Ion 3600 mAh, non-removable","Black Onyx, Silver Titanium, Gold Platinum, Coral Blue","SM-G935A, SM-G935P, SM-G935V, SM-G935T, SM-G935R, SM-G935U, SM-G935L, SAMSUNG-SM-G935A",0.64 W/kg (head)     1.59 W/kg (body),About 350 EUR,
https://www.gsmarena.com/samsung_galaxy_s7_(usa)-7960.php,https://fdn2.gsmarena.com/vv/bigpic/samsung-galaxy-s7-usa.jpg,Samsung Galaxy S7 (USA),"Released 2016, March","152g, 7.9mm thickness","Android 6.0, up to Android 8.0, TouchWiz UI","32GB storage, microSDXC","5.1""",1440x2560 pixels,4 GB RAM,3000 mAh Li-Ion,GSM 850 / 900 / 1800 / 1900,"HSDPA 850 / 900 / 1900 / 2100 - G930A, G930V","1, 2, 3, 4, 5, 7, 8, 12, 20, 29, 30, 38, 39, 40, 41 - G930A","HSPA 42.2/5.76 Mbps, LTE-A (3CA) Cat9 450/50 Mbps, EV-DO Rev.A 3.1 Mbps","2016, February. Released 2016, March",Discontinued,142.4 x 69.6 x 7.9 mm (5.61 x 2.74 x 0.31 in),152 g (5.36 oz),"Glass front (Gorilla Glass 4), glass back (Gorilla Glass 4), aluminum frame",Nano-SIM,IP68 dust/water resistant (up to 1.5m for 30 min),Super AMOLED,"5.1 inches, 71.7 cm(~72.3% screen-to-body ratio)","1440 x 2560 pixels, 16:9 ratio (~576 ppi density)",Corning Gorilla Glass 4,Always-on display,"Android 6.0 (Marshmallow), upgradable to Android 8.0 (Oreo), TouchWiz UI",Qualcomm MSM8996 Snapdragon 820 (14 nm),Quad-core (2x2.15 GHz Kryo & 2x1.6 GHz Kryo),Adreno 530,microSDXC (dedicated slot),32GB 4GB RAM,"12 MP, f/1.7, 26mm (wide), 1/2.55"", 1.4µm, dual pixel PDAF, OIS","LED flash, auto-HDR, panorama","4K@30fps, 1080p@30fps (gyro-EIS), 1080p@60fps, 720p@240fps, HDR, stereo sound rec., OIS","5 MP, f/1.7, 22mm (wide), 1/4.1"", 1.34µm","Dual video call, Auto-HDR",,24-bit/192kHz audio,"Wi-Fi 802.11 a/b/g/n/ac, dual-band, Wi-Fi Direct","4.2, A2DP, LE, aptX","GPS, GLONASS",Yes,No,"microUSB 2.0, OTG","Fingerprint (front-mounted), accelerometer, gyro, proximity, compass, barometer, heart rate, SpO2",ANT+,"Li-Ion 3000 mAh, non-removable","Black Onyx, Silver Titanium, Gold Platinum","SM-G930A, SM-G930P, SM-G930V, SM-G930T, SM-G930R, SM-G930F, SM-G930U, SM-G930R4, SM-G930T1, SM-G930VL, SM-G930AZ, SM-G930R6",1.24 W/kg (head)     1.59 W/kg (body),About 320 EUR
https://www.gsmarena.com/samsung_galaxy_j1_nxt-7768.php,https://fdn2.gsmarena.com/vv/bigpic/samsung-galaxy-j1-nxt.jpg,Samsung Galaxy J1 Nxt,"Released 2016, February","123g, 10.8mm thickness",Android 5.1,"8GB storage, microSDXC","4.0""",480x800 pixels,1 GB RAM,1500 mAh Li-Ion,GSM 850 / 900 / 1800 / 1900 - SIM 1 & SIM 2,HSDPA 900 / 2100,HSPA 21.1/5.76 Mbps,"2016, February. Released 2016, February",Discontinued,126.6 x 63.1 x 10.8 mm (4.98 x 2.48 x 0.43 in),123 g (4.34 oz),"Hybrid Dual SIM (Micro-SIM, dual stand-by)","TFT, 256K colors","4.0 inches, 45.5 cm(~57.0% screen-to-body ratio)","480 x 800 pixels, 5:3 ratio (~233 ppi density)",Android 5.1 (Lollipop),Spreadtrum SC9830,Quad-core 1.2 GHz Cortex-A7,Mali-400MP2,microSDXC (uses shared SIM slot),"8GB 768MB RAM (J1 mini), 8GB 1GB RAM (J1 Nxt)",5 MP,720p@30fps,VGA,,"Wi-Fi 802.11 b/g/n, Wi-Fi Direct, hotspot","4.0, A2DP","GPS, GLONASS",No,FM radio,microUSB 2.0,Accelerometer,"Li-Ion 1500 mAh, removable",Up to 8 h (3G),Up to 29 h,"White, Gold, Black","SM-J105F, SM-j105H, SM-J105H, SM-J105B, SM-J105Y, SM-J105M",0.76 W/kg (head)     0.47 W/kg (body),About 90 EUR
https://www.gsmarena.com/samsung_gear_s2_classic_3g-7934.php,https://fdn2.gsmarena.com/vv/bigpic/samsung-gear-s2-classic-3g.jpg,Samsung Gear S2 classic 3G,"Released 2016, April","54g, 13.4mm thickness",Tizen OS 2.3.2,"4GB 512MB RAM storage, no card slot","1.2""",360x360 pixels,512 MB RAM,300 mAh Li-Ion,GSM 850 / 900 / 1800 / 1900,HSDPA,No,No,"2016, February. Released 2016, April",Discontinued,44 x 46.9 x 13.4 mm (1.73 x 1.85 x 0.53 in),54 g (1.90 oz),"Glass front (Gorilla Glass 3), stainless steel frame",eSIM,IP68 dust/water resistant (up to 1.5m for 30 min),Super AMOLED,1.2 inches,360 x 360 pixels (~424 ppi density),Corning Gorilla Glass 3,Always-on display,Tizen OS 2.3.2,Exynos 3250 Dual,Dual-core 1.0 GHz Cortex-A7,Mali-400MP2,No,4GB 512MB RAM,No,Wi-Fi 802.11 b/g/n/e,"4.1, A2DP, LE",No,Yes,No,No,"Accelerometer, gyro, heart rate, barometer",S-Voice natural language commands and dictation,"Li-Ion 300 mAh, non-removable",Up to 48 h (3G),"Black, Rose Gold, ceramic bracelet",About 250 EUR
https://www.gsmarena.com/samsung_galaxy_tab_e_8_0-7879.php,https://fdn2.gsmarena.com/vv/bigpic/samsung-galaxy-tab-e-80.jpg,Samsung Galaxy Tab E 8.0,"Released 2016, January","360g, 8.9mm thickness","Android 5.1.1, up to 7.1","16GB storage, microSDXC","8.0""",800x1280 pixels,1.5 GB RAM,5000 mAh Li-Ion,"CDMA 800 / 1900 - T377P, T377R",HSDPA 850 / 900 / 1900 / 2100 - T377,"3, 7, 8, 28, 38 - T377","HSPA, LTE Cat4 150/50 Mbps, EV-DO Rev.A 3.1 Mbps","2016, January. Released 2016, January",Discontinued,212.1 x 126.1 x 8.9 mm (8.35 x 4.96 x 0.35 in),360 g (12.70 oz),Nano-SIM,TFT,"8.0 inches, 185.6 cm(~69.4% screen-to-body ratio)","800 x 1280 pixels, 16:10 ratio (~189 ppi density)","Android 5.1.1 (Lollipop), upgradable to 7.1 (Nougat)",Qualcomm MSM8916 Snapdragon 410 (28 nm),Quad-core 1.3 GHz Cortex-A53,Adreno 306,microSDXC (dedicated slot),16GB 1.5GB RAM,eMMC 4.5,"5 MP, f/2.2, AF",720p@30fps,"2 MP, f/2.2",,"Wi-Fi 802.11 a/b/g/n, dual-band, Wi-Fi Direct, hotspot","4.1, A2DP","GPS, GLONASS",No,No,microUSB 2.0,Accelerometer,"Li-Ion 5000 mAh, non-removable",Up to 13 h (3G),Up to 117 h,"Pearl White, Metallic Black","SM-T377W, SM-T377, SM-T375, SM-T377P, SM-T377R, SM-T377A, SM-T378V, SM-T377V",1.59 W/kg (body),About 180 EUR
https://www.gsmarena.com/samsung_galaxy_j1_(2016)-7864.php,https://fdn2.gsmarena.com/vv/bigpic/samsung-galaxy-j1-2016.jpg,Samsung Galaxy J1 (2016),"Released 2016, January","131g, 8.9mm thickness",Android 5.1.1,"8GB storage, microSDXC","4.5""",480x800 pixels,1 GB RAM,2050 mAh Li-Ion,GSM 850 / 900 / 1800 / 1900 - SIM 1 & SIM 2 (dual-SIM model only),HSDPA 850 / 900 / 1900 / 2100 - J120F,"1, 3, 5, 7, 8, 20 - J120F","HSPA 21.1/5.76 Mbps, LTE Cat4 150/50 Mbps","2016, January. Released 2016, January",Discontinued,132.6 x 69.3 x 8.9 mm (5.22 x 2.73 x 0.35 in),131 g (4.62 oz),"Glass front, plastic back, plastic frame","Single SIM (Micro-SIM) or Dual SIM (Micro-SIM, dual stand-by)",Super AMOLED,"4.5 inches, 57.6 cm(~62.7% screen-to-body ratio)","480 x 800 pixels, 5:3 ratio (~207 ppi density)",Android 5.1.1 (Lollipop),Spreadtrum SC9830,Quad-core 1.3 GHz Cortex-A7,Mali-400,microSDXC (dedicated slot),8GB 1GB RAM,"5 MP, f/2.2, AF",LED flash,720p@30fps,"2 MP, f/2.2",,"Wi-Fi 802.11 b/g/n, Wi-Fi Direct, hotspot","4.1, A2DP, LE","GPS, GLONASS",No,"FM radio, RDS, recording",microUSB 2.0,"Accelerometer, proximity","Li-Ion 2050 mAh, removable",Up to 12 h (3G),Up to 39 h,"White, Black, Gold","SM-J120F, SM-J120H, SM-J120M, SM-J120M, SM-J120T, SM-J120G, SM-J120A, SM-J120FN, SM-J120AZ, SM-J120ZN, SM-J120W",1.58 W/kg (head)     1.18 W/kg (body),0.70 W/kg (head)     0.59 W/kg (body),About 130 EUR
https://www.gsmarena.com/samsung_galaxy_a9_(2016)-7641.php,https://fdn2.gsmarena.com/vv/bigpic/samsung-galaxy-a9-pro1.jpg,Samsung Galaxy A9 (2016),"Released 2016, January","200g, 7.4mm thickness","Android 5.1.1, up to 6.0.1","32GB storage, microSDXC","6.0""",1080x1920 pixels,3 GB RAM,4000 mAh Li-Ion,GSM 850 / 900 / 1800 / 1900 - SIM 1 & SIM 2 (dual-SIM model only),HSDPA 850 / 900 / 1900 / 2100,"1, 3, 5, 7, 8, 38, 39, 40, 41","HSPA 42.2/5.76 Mbps, LTE Cat4 150/50 Mbps","2015, December. Released 2016, January",Discontinued,161.7 x 80.9 x 7.4 mm (6.37 x 3.19 x 0.29 in),200 g (7.05 oz),"Glass front (Gorilla Glass 4), glass back (Gorilla Glass 4), aluminum frame","Single SIM (Nano-SIM) or Dual SIM (Nano-SIM, dual stand-by)",Super AMOLED,"6.0 inches, 99.2 cm(~75.9% screen-to-body ratio)","1080 x 1920 pixels, 16:9 ratio (~367 ppi density)",Corning Gorilla Glass 4,"Android 5.1.1 (Lollipop), upgradable to 6.0.1 (Marshmallow)",Qualcomm MSM8976 Snapdragon 652 (28 nm),Octa-core (4x1.8 GHz Cortex-A72 & 4x1.4 GHz Cortex-A53),Adreno 510,microSDXC (dedicated slot),32GB 3GB RAM,eMMC 5.1,"13 MP, f/1.9, 28mm (wide), 1/3.1"", 1.12µm, AF, OIS","LED flash, panorama, HDR",1080p@30fps,"8 MP, f/1.9, 24mm (wide)",1080p@30fps,"Wi-Fi 802.11 a/b/g/n/ac, dual-band, Wi-Fi Direct, hotspot","4.1, A2DP, EDR, LE","GPS, GLONASS, BDS",Yes,"FM radio, RDS, recording",microUSB 2.0,"Fingerprint (front-mounted), accelerometer, proximity, compass",ANT+,"Li-Ion 4000 mAh, non-removable","Pearl White, Midnight Black, Champagne Gold, Pink","SM-A900F, SM-A9000",1.19 W/kg (head)     1.33 W/kg (body),0.18 W/kg (head)     0.55 W/kg (body),About 200 EUR,Basemark OS II 2.0: 1529Basemark X: 15290,
https://www.gsmarena.com/samsung_galaxy_a7_(2016)-7759.php,https://fdn2.gsmarena.com/vv/bigpic/samsung-galaxy-a7-2016.jpg,Samsung Galaxy A7 (2016),"Released 2015, December","172g, 7.3mm thickness","Android 5.1.1, up to 7.0","16GB storage, microSDXC","5.5""",1080x1920 pixels,3 GB RAM,3300 mAh Li-Ion,GSM 850 / 900 / 1800 / 1900 - SIM 1 & SIM 2 (dual-SIM model only),HSDPA 850 / 900 / 1900 / 2100,"1, 3, 5, 7, 8, 20, 40","HSPA 42.2/5.76 Mbps, LTE-A Cat6 300/50 Mbps","2015, December. Released 2015, December",Discontinued,151.5 x 74.1 x 7.3 mm (5.96 x 2.92 x 0.29 in),172 g (6.07 oz),"Glass front (Gorilla Glass 4), glass back (Gorilla Glass 4), aluminum frame","Single SIM (Nano-SIM) or Hybrid Dual SIM (Nano-SIM, dual stand-by)",Super AMOLED,"5.5 inches, 83.4 cm(~74.3% screen-to-body ratio)","1080 x 1920 pixels, 16:9 ratio (~401 ppi density)",Corning Gorilla Glass 4,"Android 5.1.1 (Lollipop), upgradable to 7.0 (Nougat)",Exynos 7580 Octa (28 nm)Qualcomm MSM8939 Snapdragon 615 (28 nm) - China,Octa-core 1.6 GHz Cortex-A53Octa-core (4x1.2 GHz Cortex-A53 & 4x1.5 GHz Cortex-A53) - China,Mali-T720MP2Adreno 405 - China,microSDXC (uses shared SIM slot) - dual SIM model only,16GB 3GB RAM,eMMC 5.0 or eMMC 4.5,"13 MP, f/1.9, 28mm (wide), AF, OIS","LED flash, panorama, HDR",1080p@30fps,"5 MP, f/1.9, 24mm (wide)",1080p@30fps,"Wi-Fi 802.11 a/b/g/n, dual-band, Wi-Fi Direct, hotspot","4.1, A2DP, EDR, LE","GPS, GLONASS",Yes,FM radio,microUSB 2.0,"Fingerprint (front-mounted), accelerometer, proximity, compass",ANT+,"Li-Ion 3300 mAh, non-removable",Up to 17 h (3G),Up to 78 h,"Black, White, Gold, Pink","SM-A710F, SM-A710S, SM-A710M, SM-A710FD, SM-A710Y, SM-A7100, SM-A710L, SM-A710K, SM-A7108",1.19 W/kg (head)     1.25 W/kg (body),0.41 W/kg (head)     0.55 W/kg (body),About 190 EUR,
https://www.gsmarena.com/samsung_galaxy_a5_(2016)-7789.php,https://fdn2.gsmarena.com/vv/bigpic/samsung-galaxy-a5-2016.jpg,Samsung Galaxy A5 (2016),"Released 2015, December","155g, 7.3mm thickness","Android 5.1.1, up to 7.0","16GB storage, microSDXC","5.2""",1080x1920 pixels,2 GB RAM,2900 mAh Li-Ion,GSM 850 / 900 / 1800 / 1900 - SIM 1 & SIM 2 (dual-SIM model only),HSDPA 850 / 900 / 1900 / 2100,"1, 3, 5, 7, 8, 20, 40","HSPA 42.2/5.76 Mbps, LTE-A Cat6 300/50 Mbps","2015, December. Released 2015, December",Discontinued,144.8 x 71 x 7.3 mm (5.70 x 2.80 x 0.29 in),155 g (5.47 oz),"Glass front (Gorilla Glass 4), glass back (Gorilla Glass 4), aluminum frame","Single SIM (Nano-SIM) or Hybrid Dual SIM (Nano-SIM, dual stand-by)",Super AMOLED,"5.2 inches, 74.5 cm(~72.5% screen-to-body ratio)","1080 x 1920 pixels, 16:9 ratio (~424 ppi density)",Corning Gorilla Glass 4,"Android 5.1.1 (Lollipop), upgradable to 7.0 (Nougat)",Exynos 7580 Octa (28 nm)Qualcomm MSM8939 Snapdragon 615 (28 nm) - China only,Octa-core 1.6 GHz Cortex-A53Octa-core (4x1.2 GHz Cortex-A53 & 4x1.5 GHz Cortex-A53) - China only,Mali-T720MP2Adreno 405 - China only,microSDXC (uses shared SIM slot) - dual SIM model only,16GB 2GB RAM,eMMC 5.0 or eMMC 4.5,"13 MP, f/1.9, 28mm (wide), AF, OIS","LED flash, panorama, HDR",1080p@30fps,"5 MP, f/1.9, 24mm (wide)",1080p@30fps,"Wi-Fi 802.11 a/b/g/n, dual-band, Wi-Fi Direct, hotspot","4.1, A2DP, EDR, LE","GPS, GLONASS",Yes,FM radio,"microUSB 2.0, OTG","Fingerprint (front-mounted), accelerometer, proximity, compass",ANT+,"Li-Ion 2900 mAh, non-removable",Up to 16 h (3G),Up to 75 h,"Black, White, Gold, Pink","SM-A5100, SM-A510F, SM-A510M, SM-A510Y, SM-A510FD, SM-A5108, SM-A510S, SM-A510K, SM-A510L, SM-A510",0.29 W/kg (head)     0.47 W/kg (body),0.29 W/kg (head)     0.47 W/kg (body),About 160 EUR,Basemark OS II 2.0: 833Basemark X: 4947,
https://www.gsmarena.com/samsung_galaxy_a3_(2016)-7791.php,https://fdn2.gsmarena.com/vv/bigpic/samsung-galaxy-a3-2016.jpg,Samsung Galaxy A3 (2016),"Released 2015, December","132g, 7.3mm thickness","Android 5.1.1, up to 7.0","16GB storage, microSDXC","4.7""",720x1280 pixels,1.5 GB RAM,2300 mAh Li-Ion,GSM 850 / 900 / 1800 / 1900 - SIM 1 & SIM 2 (dual-SIM model only),HSDPA 850 / 900 / 1900 / 2100,"1, 3, 5, 7, 8, 20, 40","HSPA 42.2/5.76 Mbps, LTE Cat4 150/50 Mbps or LTE-A (2CA) Cat6 300/50 Mbps","2015, December. Released 2015, December",Discontinued,134.5 x 65.2 x 7.3 mm (5.30 x 2.57 x 0.29 in),132 g (4.66 oz),"Glass front (Gorilla Glass 4), glass back (Gorilla Glass 4), aluminum frame","Single SIM (Nano-SIM) or Hybrid Dual SIM (Nano-SIM, dual stand-by)",Super AMOLED,"4.7 inches, 60.9 cm(~69.4% screen-to-body ratio)","720 x 1280 pixels, 16:9 ratio (~312 ppi density)",Corning Gorilla Glass 4,"Android 5.1.1 (Lollipop), upgradable to 7.0 (Nougat)",Exynos 7578Qualcomm MSM8916 Snapdragon 410 (28 nm),Quad-core 1.5 GHz Cortex-A53,Mali-T720MP2Adreno 306,microSDXC (uses shared SIM slot) - dual SIM model only,16GB 1.5GB RAM,eMMC 4.5,"13 MP, f/1.9, AF","LED flash, panorama",1080p@30fps,"5 MP, f/1.9",,"Wi-Fi 802.11 b/g/n, Wi-Fi Direct, hotspot","4.1, A2DP, EDR, LE","GPS, GLONASS",Yes,FM radio,microUSB 2.0,"Accelerometer, proximity, compass",ANT+,"Li-Ion 2300 mAh, non-removable",Up to 14 h (3G),Up to 58 h,"Black, White, Gold, Pink","SM-A310F, SM-A310M, SM-A310Y, SM-A310N0",1.31 W/kg (head)     1.27 W/kg (body),0.49 W/kg (head)     0.62 W/kg (body),About 130 EUR
https://www.gsmarena.com/samsung_galaxy_express_prime-8022.php,https://fdn2.gsmarena.com/vv/bigpic/samsung-galaxy-express-prime.jpg,Samsung Galaxy Express Prime,"Released 2016, April","138.9g, 7.9mm thickness",Android 6.0,"16GB storage, microSDXC","5.0""",720x1280 pixels,1.5 GB RAM,2600 mAh Li-Ion,GSM 850 / 900 / 1800 / 1900,HSDPA 850 / 1900 / 2100,"1, 2, 3, 4, 5, 7, 12","HSPA 42.2/5.76 Mbps, LTE Cat4 150/50 Mbps","2016, April. Released 2016, April",Discontinued,142.2 x 71.1 x 7.9 mm (5.60 x 2.80 x 0.31 in),138.9 g (4.90 oz),Micro-SIM,Super AMOLED,"5.0 inches, 68.9 cm(~68.2% screen-to-body ratio)","720 x 1280 pixels, 16:9 ratio (~294 ppi density)",Asahi Dragontrail X Glass,Android 6.0 (Marshmallow),Exynos 3475 Quad (28 nm),Quad-core 1.3 GHz Cortex-A7,Mali-T720,microSDXC (dedicated slot),16GB 1.5GB RAM,eMMC 4.5,"5 MP, f/2.2, AF","LED flash, HDR",720p@30fps,2 MP,,"Wi-Fi 802.11 b/g/n, Wi-Fi Direct","4.1, A2DP",GPS,No,"FM radio, RDS",microUSB 2.0,"Accelerometer, proximity","Li-Ion 2600 mAh, removable",Up to 528 h,Up to 22 h,Black,SM-J320AZ,About 110 EUR
https://www.gsmarena.com/samsung_galaxy_j3_(2016)-7760.php,https://fdn2.gsmarena.com/vv/bigpic/samsung-galaxy-j3.jpg,Samsung Galaxy J3 (2016),"Released 2016, May 06","138g, 7.9mm thickness","Android 5.1.1 or Android 6.0, up to 7.1.1","8GB/16GB storage, microSDXC","5.0""",720x1280 pixels,1/2 GB RAM,2600 mAh Li-Ion,GSM 850 / 900 / 1800 / 1900 - SIM 1 & SIM 2 (dual-SIM model only),HSDPA 850 / 900 / 1900 / 2100,"1, 3, 5, 7, 8, 20","HSPA 42.2/5.76 Mbps, LTE Cat4 150/50 Mbps","2016, March 31. Released 2016, May 06",Discontinued,142.3 x 71 x 7.9 mm (5.60 x 2.80 x 0.31 in),138 g (4.87 oz),"Glass front (Asahi Dragontrail), plastic back, plastic frame","Single SIM (Micro-SIM) or Dual SIM (Micro-SIM, dual stand-by)Nano-SIM (USA models only)",Super AMOLED,"5.0 inches, 68.9 cm(~68.2% screen-to-body ratio)","720 x 1280 pixels, 16:9 ratio (~294 ppi density)",Asahi Dragontrail Glass,"Android 5.1.1 (Lollipop) or Android 6.0 (Marshmallow), upgradable to 7.1.1 (Nougat)",Spreadtrum SC9830Exynos 3475 Quad (28 nm) - USA,Quad-core 1.5 GHz Cortex-A7Quad-core 1.3 GHz Cortex-A7 - USA,Mali-400Mali-T720 - USA,microSDXC (dedicated slot),"8GB 1.5GB RAM, 16GB 2GB RAM",eMMC 4.5,"8 MP, f/2.2, AF","LED flash, HDR",720p@30fps,2 MP (USA),720p@30fps,"Wi-Fi 802.11 b/g/n, Wi-Fi Direct","4.0/4.1, A2DP, LE","GPS, GLONASS",Yes (market dependent),"FM radio, RDS, recording (market dependent)","microUSB 2.0, OTG","Accelerometer, proximity","Li-Ion 2600 mAh, removable",Up to 349 h,Up to 22 h,Up to 77 h,"White, Black, Gold","SM-J320H, SM-J3109, SM-J320FN, SM-J320P, SM-J320F, SM-J320M, SM-J320Y, SM-J320A, SM-J320G, SM-J327T1, SM-J320V, SM-J320YZ, SM-J320W8, SM-J320ZN, SM-J320N0, SM-J320R4",1.17 W/kg (head)     1.12 W/kg (body),0.48 W/kg (head)     0.42 W/kg (body),About 120 EUR,Basemark OS II 2.0: 326Basemark X: 1424,
https://www.gsmarena.com/samsung_galaxy_view-7704.php,https://fdn2.gsmarena.com/vv/bigpic/samsung-galaxy-view.jpg,Samsung Galaxy View,"Released 2015, November","2.65 kg, 11.9mm thickness",Android 5.1.1,"32GB/64GB storage, microSDXC","18.4""",1080x1920 pixels,2 GB RAM,5700 mAh Li-Po,N/A,HSDPA 900 / 2100 - T677,"1, 3, 5, 7, 8, 20 - T677","HSPA 42.2/5.76 Mbps, LTE-A Cat6 300/50 Mbps","2015, October. Released 2015, November",Discontinued,451.8 x 275.8 x 11.9 mm (17.79 x 10.86 x 0.47 in),2.65 kg (5.84 lb),Nano-SIM,Built-in kickstand,TFT,"18.4 inches, 933.3 cm(~74.9% screen-to-body ratio)","1080 x 1920 pixels, 16:9 ratio (~120 ppi density)",Android 5.1.1 (Lollipop),Exynos 7580 Octa (28 nm),Octa-core 1.6 GHz Cortex-A53,Mali-T720MP2,microSDXC (dedicated slot),"32GB 2GB RAM, 64GB 2GB RAM",eMMC 5.0,No,"2.1 MP, f/2.2",1080p@30fps,"Wi-Fi 802.11 a/b/g/n/ac, dual-band, Wi-Fi Direct, hotspot","4.1, A2DP, LE","GPS, GLONASS",No,No,microUSB 2.0,Accelerometer,"Li-Po 5700 mAh, non-removable (64 Wh, 11.3V)",Up to 8 h (multimedia),Up to 299 h,"Black, White","SM-T670, SM-T810, SM-T677A, SM-T677, SM-T677Y",1.09 W/kg (body),0.46 W/kg (body),About 500 EUR
https://www.gsmarena.com/samsung_galaxy_on7-7679.php,https://fdn2.gsmarena.com/vv/bigpic/samsung-galaxy-on7-.jpg,Samsung Galaxy On7,"Released 2015, November","172g, 8.2mm thickness","Android 5.1, up to 6.0.1","8GB storage, microSDXC","5.5""",720x1280 pixels,1.5 GB RAM,3000 mAh Li-Ion,GSM 850 / 900 / 1800 / 1900 - SIM 1 & SIM 2,HSDPA 850 / 900 / 1900 / 2100 - G600FY,"1, 3, 5, 7, 8, 20, 40 - G600FY","HSPA, LTE Cat4 150/50 Mbps","2015, October. Released 2015, November",Discontinued,151.8 x 77.5 x 8.2 mm (5.98 x 3.05 x 0.32 in),172 g (6.07 oz),"Glass front, plastic back, plastic frame","Dual SIM (Micro-SIM, dual stand-by)",TFT,"5.5 inches, 83.4 cm(~70.9% screen-to-body ratio)","720 x 1280 pixels, 16:9 ratio (~267 ppi density)","Android 5.1 (Lollipop), upgradable to 6.0.1 (Marshmallow)",Qualcomm MSM8916 Snapdragon 410 (28 nm),Quad-core 1.2 GHz Cortex-A53,Adreno 306,microSDXC (dedicated slot),8GB 1.5GB RAM,eMMC 4.5,"13 MP, f/2.1, AF",LED flash,1080p@30fps,"5 MP, f/2.2",,"Wi-Fi 802.11 b/g/n, Wi-Fi Direct, hotspot","4.1, A2DP","GPS, GLONASS, BDS",No,FM radio,microUSB 2.0,"Accelerometer, proximity","Li-Ion 3000 mAh, removable",Up to 21 h (3G),Up to 78 h,"White, Black","SM-G600S, SM-G6000, SM-G600F, SM-G600FY",0.79 W/kg (head)     0.90 W/kg (body),0.38 W/kg (head)     0.54 W/kg (body),About 180 EUR
https://www.gsmarena.com/samsung_galaxy_on5-7648.php,https://fdn2.gsmarena.com/vv/bigpic/samsung-galaxy-on5.jpg,Samsung Galaxy On5,"Released 2015, November","149g, 8.5mm thickness",Android 5.1Android 6.0 - T-Mobile,"8GB storage, microSDXC","5.0""",720x1280 pixels,1.5 GB RAM,2600 mAh Li-Ion,GSM 850 / 900 / 1800 / 1900 - SIM 1 & SIM 2,HSDPA 850 / 900 / 1900 / 2100,"1, 3, 5, 8, 20, 40","HSPA, LTE Cat4 150/50 Mbps","2015, October. Released 2015, November",Discontinued,142.3 x 72.1 x 8.5 mm (5.60 x 2.84 x 0.33 in),149 g (5.26 oz),"Glass front, plastic back, plastic frame","Dual SIM (Micro-SIM, dual stand-by) or Single SIM (Nano-SIM) - T-Mobile only",TFT,"5.0 inches, 71.8 cm(~70.0% screen-to-body ratio)","720 x 1280 pixels, 16:9 ratio (~288 ppi density)",Android 5.1 (Lollipop)Android 6.0 (Marshmallow) - T-Mobile,Exynos 3475 Quad (28 nm),Quad-core 1.3 GHz Cortex-A7,Mali-T720,microSDXC (dedicated slot),8GB 1.5GB RAM,eMMC 4.5,"8 MP, f/2.2, AF",LED flash,1080p@30fps,"5 MP, f/2.2",,"Wi-Fi 802.11 b/g/n, Wi-Fi Direct","4.1, A2DP","GPS, GLONASS",No,FM radio,microUSB 2.0,"Accelerometer, proximity","Li-Ion 2600 mAh, removable",Up to 15 h (3G),Up to 49 h,"White, Black","SM-G5500, SM-G550F, SM-G5528, SM-G5510, SM-G550T1, SM-G550T, G55, SM-S550TL, SM-G550T2",1.40 W/kg (head)     1.09 W/kg (body),0.40 W/kg (head)     0.31 W/kg (body),About 140 EUR
https://www.gsmarena.com/samsung_z3-7273.php,https://fdn2.gsmarena.com/vv/bigpic/samsung-z3.jpg,Samsung Z3,"Released 2015, October","137g, 7.9mm thickness","Tizen 2.3, up to 2.4","8GB storage, microSDXC","5.0""",720x1280 pixels,1 GB RAM,2600 mAh Li-Ion,GSM 850 / 900 / 1800 / 1900 - SIM 1 & SIM 2,HSDPA 900 / 2100,HSPA,"2015, October. Released 2015, October",Discontinued,141.6 x 70 x 7.9 mm (5.57 x 2.76 x 0.31 in),137 g (4.83 oz),"Hybrid Dual SIM (Micro-SIM, dual stand-by)",Super AMOLED,"5.0 inches, 68.9 cm(~69.5% screen-to-body ratio)","720 x 1280 pixels, 16:9 ratio (~294 ppi density)","Tizen 2.3, upgradable to 2.4",Spreadtrum SC7730,Quad-core 1.3 GHz Cortex-A7,Mali-400,microSDXC (uses shared SIM slot),8GB 1GB RAM,"8 MP, f/2.2, AF","LED flash, panorama, HDR",720p@30fps,"5 MP, f/2.2",,"Wi-Fi 802.11 b/g/n, Wi-Fi Direct","4.0, A2DP, LE","GPS, GLONASS",No,FM radio,"microUSB 2.0, OTG","Accelerometer, proximity",MP4/H.264 player,"Li-Ion 2600 mAh, removable",Up to 15 h (3G),Up to 55 h,"Black, Silver, Gold","SM-Z300H/DD, SM-Z300H",0.70 W/kg (head)     0.77 W/kg (body),0.53 W/kg (head)     0.48 W/kg (body),About 110 EUR
https://www.gsmarena.com/samsung_galaxy_j1_ace-7673.php,https://fdn2.gsmarena.com/vv/bigpic/samsung-galaxy-j1-ace.jpg,Samsung Galaxy J1 Ace,"Released 2015, October","131g, 9.5mm thickness","Android 4.4.4, up to 5.1.1","4GB/8GB storage, microSDXC","4.3""",480x800 pixels,1 GB RAM,1850 mAh Li-Ion,GSM 850 / 900 / 1800 / 1900 - SIM 1 & SIM 2 (dual-SIM model only),HSDPA 850 / 900 / 2100 - J111F,"1, 3, 5, 7, 8, 20 - J110F","HSPA 21.1/5.76 Mbps, LTE Cat4 150/50 Mbps","2015, August 31. Released 2015, October",Discontinued,130.1 x 67.6 x 9.5 mm (5.12 x 2.66 x 0.37 in),131 g (4.62 oz),"Glass front, plastic back, plastic frame","Single SIM (Micro-SIM) or Dual SIM (Micro-SIM, dual stand-by)",Super AMOLED,"4.3 inches, 52.6 cm(~59.8% screen-to-body ratio)","480 x 800 pixels, 5:3 ratio (~217 ppi density)","Android 4.4.4 (KitKat), upgradable to 5.1.1 (Lollipop)",Spreadtrum SC9830Marvell PXA1908 - J110L,Quad-core 1.5 GHz Cortex-A7 - J111FQuad-core 1.2 GHz Cortex-A7Dual-core 1.3 GHz Cortex-A53- J110L,Mali-400MP2Vivante GC7000 UL - J110L,microSDXC (dedicated slot),"4GB 512MB RAM (J110L), 4GB 768MB RAM (J110F, J110G), 8GB 1GB RAM (J110M, J111F)","5 MP, f/2.2, 31mm (standard), AF","LED flash, panorama",720p@30fps,2 MP,,"Wi-Fi 802.11 b/g/n, Wi-Fi Direct, hotspot","4.0, A2DP","GPS, GLONASS",No,"FM radio, RDS, recording",microUSB 2.0,"Accelerometer, proximity","Li-Ion 1900 mAh, removable",Up to 10 h (3G),Up to 68 h,"White, Black, Blue","SM-J111F, SM-J110G, SM-J110F, SM-J110H, SM-J110M, SM-J110L, SM-J111M",1.57 W/kg (head)     1.22 W/kg (body),0.69 W/kg (head)     0.53 W/kg (body),About 140 EUR
https://www.gsmarena.com/samsung_gear_s2_classic-7677.php,https://fdn2.gsmarena.com/vv/bigpic/samsung-gear-s2-classic.jpg,Samsung Gear S2 classic,"Released 2015, October","42g, 11.4mm thickness",Tizen OS 2.3.2,"4GB 512MB RAM storage, no card slot","1.2""",360x360 pixels,512 MB RAM,250 mAh Li-Ion,N/A,No,No,"2015, August. Released 2015, October",Discontinued,43.6 x 39.9 x 11.4 mm (1.72 x 1.57 x 0.45 in),42 g (1.48 oz),"Glass front (Gorilla Glass 3), stainless steel frame",No,IP68 dust/water resistant (up to 1.5m for 30 min),Super AMOLED,1.2 inches,360 x 360 pixels (~302 ppi density),Corning Gorilla Glass 3,Always-on display,Tizen OS 2.3.2,Exynos 3250 Dual,Dual-core 1.0 GHz Cortex-A7,Mali-400MP2,No,4GB 512MB RAM,No,Wi-Fi 802.11 b/g/n,"4.1, A2DP, LE",No,Yes,No,No,"Accelerometer, gyro, heart rate, barometer",S-Voice natural language commands and dictation,"Li-Ion 250 mAh, non-removable",Up to 48 h (3G),"Black, 18K rose gold, Platinum, ceramic bracelet","SM-R720, SM-R732",About 200 EUR
https://www.gsmarena.com/samsung_gear_s2-7678.php,https://fdn2.gsmarena.com/vv/bigpic/samsung-gear-s2.jpg,Samsung Gear S2,"Released 2015, October","47g, 11.4mm thickness",Tizen OS 2.3.2,"4GB 512MB RAM storage, no card slot","1.2""",360x360 pixels,512 MB RAM,250 mAh Li-Ion,N/A,No,No,"2015, August. Released 2015, October",Discontinued,49.8 x 42.3 x 11.4 mm (1.96 x 1.67 x 0.45 in),47 g (1.66 oz),"Glass front (Gorilla Glass 3), stainless steel frame",No,IP68 dust/water resistant (up to 1.5m for 30 min),Super AMOLED,1.2 inches,360 x 360 pixels (~302 ppi density),Corning Gorilla Glass 3,Always-on display,Tizen OS 2.3.2,Exynos 3250 Dual,Dual-core 1.0 GHz Cortex-A7,Mali-400MP2,No,4GB 512MB RAM,No,Wi-Fi 802.11 b/g/n,"4.1, A2DP, LE",No,Yes,No,No,"Accelerometer, gyro, heart rate, barometer",S-Voice natural language commands and dictation,"Li-Ion 250 mAh, non-removable",Up to 48 h (3G),"Dark Gray, Silver",SM-R720,About 170 EUR
https://www.gsmarena.com/samsung_gear_s2_3g-7585.php,https://fdn2.gsmarena.com/vv/bigpic/samsung-gear-s2.jpg,Samsung Gear S2 3G,"Released 2015, October","51g, 13.4mm thickness",Tizen OS 2.3.2,"4GB 512MB RAM storage, no card slot","1.2""",360x360 pixels,512 MB RAM,300 mAh Li-Ion,GSM 900 / 1800,HSDPA 900 / 2100,HSPA,"2015, August. Released 2015, October",Discontinued,51.8 x 44 x 13.4 mm (2.04 x 1.73 x 0.53 in),51 g (1.80 oz),"Glass front (Gorilla Glass 3), stainless steel frame",eSIM,IP68 dust/water resistant (up to 1.5m for 30 min),Super AMOLED,1.2 inches,360 x 360 pixels (~302 ppi density),Corning Gorilla Glass 3,Always-on display,Tizen OS 2.3.2,Qualcomm MSM8x26,Dual-core 1.0 GHz,No,4GB 512MB RAM,No,Wi-Fi 802.11 b/g/n,"4.1, A2DP, LE",GPS,Yes,No,No,"Accelerometer, gyro, heart rate, barometer",S-Voice natural language commands and dictation,"Li-Ion 300 mAh, non-removable",Up to 48 h (3G),"Dark Gray, Silver","SM-R7200, SM-R7320, SM-R7300",0.05 W/kg (head)     0.30 W/kg (body),About 250 EUR
https://www.gsmarena.com/samsung_galaxy_note5_(usa)-7504.php,https://fdn2.gsmarena.com/vv/bigpic/samsung-galaxy-note5.jpg,Samsung Galaxy Note5 (USA),"Released 2015, August","171g, 7.6mm thickness","Android 5.1.1, up to 7.0","32GB/64GB storage, no card slot","5.7""",1440x2560 pixels,4 GB RAM,3000 mAh Li-Ion,GSM 850 / 900 / 1800 / 1900,"HSDPA 850 / 900 / 1900 / 2100 - N920V, N920R","2, 3, 4, 7, 13 - N920V","HSPA, LTE-A (3CA), EV-DO Rev.A 3.1 Mbps","2015, August. Released 2015, August",Discontinued,153.2 x 76.1 x 7.6 mm (6.03 x 3.00 x 0.30 in),171 g (6.03 oz),Nano-SIM,Stylus,Super AMOLED,"5.7 inches, 89.6 cm(~76.8% screen-to-body ratio)","1440 x 2560 pixels, 16:9 ratio (~515 ppi density)",Corning Gorilla Glass 4,"Android 5.1.1 (Lollipop), upgradable to 7.0 (Nougat)",Exynos 7420 Octa (14 nm),Octa-core (4x2.1 GHz Cortex-A57 & 4x1.5 GHz Cortex-A53),Mali-T760MP8,No,"32GB 4GB RAM, 64GB 4GB RAM",UFS 2.0,"16 MP, f/1.9, 28mm (wide), 1/2.6"", 1.12µm, AF, OIS","LED flash, panorama, HDR","4K@30fps, 1080p@30/60fps, stereo sound rec., gyro-EIS","5 MP, f/1.9, 22mm (wide)","Dual video call, Auto-HDR",1440p@30fps,24-bit/192kHz audio,"Wi-Fi 802.11 a/b/g/n/ac, dual-band, Wi-Fi Direct, hotspot","4.2, A2DP, EDR, LE","GPS, GLONASS",Yes,No,"microUSB 2.0, OTG","Fingerprint (front-mounted), accelerometer, gyro, proximity, compass, barometer, heart rate, SpO2",ANT+,"Li-Ion 3000 mAh, non-removable",Up to 28 h (3G),Up to 57 h,"Black Sapphire, White Pearl","SM-N920, SM-N920P, SM-N920V, SM-N920R, SM-N920W8, SM-N920R4",1.16 W/kg (head)     1.48 W/kg (body),0.51 W/kg (head)     0.56 W/kg (body),About 450 EUR
https://www.gsmarena.com/samsung_galaxy_note5-7431.php,https://fdn2.gsmarena.com/vv/bigpic/samsung-galaxy-note5.jpg,Samsung Galaxy Note5,"Released 2015, August","171g, 7.6mm thickness","Android 5.1.1, up to 7.0","32GB/64GB/128GB storage, no card slot","5.7""",1440x2560 pixels,4 GB RAM,3000 mAh Li-Po,GSM 850 / 900 / 1800 / 1900,HSDPA 850 / 900 / 1900 / 2100,"1, 2, 3, 4, 5, 7, 8, 12, 17, 18, 19, 25, 26, 28, 38, 39, 40, 41","HSPA 42.2/5.76 Mbps, LTE-A Cat6 300/50 Mbps/ LTE-A (3CA) Cat9 450/50 Mbps","2015, August 13. Released 2015, August",Discontinued,153.2 x 76.1 x 7.6 mm (6.03 x 3.00 x 0.30 in),171 g (6.03 oz),"Glass front (Gorilla Glass 4), glass back (Gorilla Glass 4), aluminum frame",Nano-SIM,Stylus,Super AMOLED,"5.7 inches, 88.5 cm(~75.9% screen-to-body ratio)","1440 x 2560 pixels, 16:9 ratio (~518 ppi density)",Corning Gorilla Glass 4,"Android 5.1.1 (Lollipop), upgradable to 7.0 (Nougat)",Exynos 7420 Octa (14 nm),Octa-core (4x2.1 GHz Cortex-A57 & 4x1.5 GHz Cortex-A53),Mali-T760MP8,No,"32GB 4GB RAM, 64GB 4GB RAM, 128GB 4GB RAM",UFS 2.0,"16 MP, f/1.9, 28mm (wide), 1/2.6"", 1.12µm, AF, OIS","LED flash, panorama, HDR","4K@30fps, 1080p@30/60fps, stereo sound rec., gyro-EIS","5 MP, f/1.9, 22mm (wide), 1/4.1"", 1.34µm","Dual video call, Auto-HDR",1440p@30fps,24-bit/192kHz audio,"Wi-Fi 802.11 a/b/g/n/ac, dual-band, Wi-Fi Direct, hotspot","4.2, A2DP, EDR, LE","GPS, GLONASS, BDS",Yes,No,"microUSB 2.0, OTG","Fingerprint (front-mounted), accelerometer, gyro, proximity, compass, barometer, heart rate, SpO2",ANT+,"Li-Po 3000 mAh, non-removable",Up to 22 h (3G),Up to 64 h,"Black Sapphire, Gold Platinum, Silver Titan, White Pearl","SM-N920, SM-N920T, SM-N920A, SM-N920I, SM-N920G, SM-N920F, SM-N920S, SM-N920L, SM-N920K, SM-N9200",1.53 W/kg (head)     1.28 W/kg (body),0.45 W/kg (head)     0.58 W/kg (body),About 450 EUR,Basemark OS II 2.0: 1880Basemark X: 26281,
https://www.gsmarena.com/samsung_galaxy_note5_duos-7508.php,https://fdn2.gsmarena.com/vv/bigpic/samsung-galaxy-note5.jpg,Samsung Galaxy Note5 Duos,"Released 2015, August","171g, 7.6mm thickness","Android 5.1.1, up to 7.0","32GB/64GB storage, no card slot","5.7""",1440x2560 pixels,4 GB RAM,3000 mAh Li-Po,GSM 850 / 900 / 1800 / 1900 - SIM 1 & SIM 2,"HSDPA 850 / 900 / 1900 / 2100 - N9208, N920C","1, 2, 3, 4, 5, 7, 8, 12, 17, 18, 19, 25, 26, 28, 38, 39, 40, 41 - N9208, N9200","HSPA 42.2/5.76 Mbps, LTE-A Cat6 300/50 Mbps/ LTE-A (3CA) Cat9 450/50 Mbps","2015, August. Released 2015, August",Discontinued,153.2 x 76.1 x 7.6 mm (6.03 x 3.00 x 0.30 in),171 g (6.03 oz),"Glass front (Gorilla Glass 4), glass back (Gorilla Glass 4), aluminum frame","Dual SIM (Nano-SIM, dual stand-by)",Stylus,Super AMOLED,"5.7 inches, 89.6 cm(~76.8% screen-to-body ratio)","1440 x 2560 pixels, 16:9 ratio (~515 ppi density)",Corning Gorilla Glass 4,"Android 5.1.1 (Lollipop), upgradable to 7.0 (Nougat)",Exynos 7420 Octa (14 nm),Octa-core (4x2.1 GHz Cortex-A57 & 4x1.5 GHz Cortex-A53),Mali-T760MP8,No,"32GB 4GB RAM, 64GB 4GB RAM",UFS 2.0,"16 MP, f/1.9, 28mm (wide), 1/2.6"", 1.12µm, AF, OIS","LED flash, panorama, HDR","4K@30fps, 1080p@30/60fps, stereo sound rec., gyro-EIS","5 MP, f/1.9, 22mm (wide)","Dual video call, Auto-HDR",1440p@30fps,24-bit/192kHz audio,"Wi-Fi 802.11 a/b/g/n/ac, dual-band, Wi-Fi Direct, hotspot","4.2, A2DP, EDR, LE","GPS, GLONASS, BDS",Yes,No,"microUSB 2.0, OTG","Fingerprint (front-mounted), accelerometer, gyro, proximity, compass, barometer, heart rate, SpO2",ANT+,"Li-Po 3000 mAh, non-removable",Up to 22 h (3G),Up to 64 h,"Black Sapphire, Gold Platinum, Silver Titan, White Pearl","SM-N920, SM-N9208, SM-N920CD, SM-N920C",0.45 W/kg (head)     0.58 W/kg (body),About 450 EUR
https://www.gsmarena.com/samsung_galaxy_s6_edge+_(usa)-7505.php,https://fdn2.gsmarena.com/vv/bigpic/samsung-galaxy-s6-edge-plus.jpg,Samsung Galaxy S6 edge+ (USA),"Released 2015, August","153g, 6.9mm thickness","Android 5.1.1, TouchWiz UI","32GB/64GB storage, no card slot","5.7""",1440x2560 pixels,4 GB RAM,3000 mAh Li-Ion,GSM 850 / 900 / 1800 / 1900,"HSDPA 850 / 900 / 1900 / 2100 - G928V, G928P, G928R","2, 3, 4, 7, 13 - G928V","HSPA, LTE-A (2CA), EV-DO Rev.A 3.1 Mbps","2015, August. Released 2015, August",Discontinued,154.4 x 75.8 x 6.9 mm (6.08 x 2.98 x 0.27 in),153 g (5.40 oz),"Glass front (Gorilla Glass 4), glass back (Gorilla Glass 4), aluminum frame",Nano-SIM,Super AMOLED,"5.7 inches, 89.6 cm(~76.5% screen-to-body ratio)","1440 x 2560 pixels, 16:9 ratio (~515 ppi density)",Corning Gorilla Glass 4,"Android 5.1.1 (Lollipop), TouchWiz UI",Exynos 7420 Octa (14 nm),Octa-core (4x2.1 GHz Cortex-A57 & 4x1.5 GHz Cortex-A53),Mali-T760MP8,No,"32GB 4GB RAM, 64GB 4GB RAM",UFS 2.0,"16 MP, f/1.9, 28mm (wide), 1/2.6"", 1.12µm, AF, OIS","LED flash, auto-HDR, panorama","4K@30fps, 1080p@30fps (gyro-EIS), 1080p@60fps, 720p@120fps, HDR, stereo sound rec., OIS","5 MP, f/1.9, 22mm (wide)","Dual video call, Auto-HDR",1440p@30fps,24-bit/192kHz audio,"Wi-Fi 802.11 a/b/g/n/ac, dual-band, Wi-Fi Direct, hotspot","4.2, A2DP, LE, aptX","GPS, GLONASS",Yes,No,"microUSB 2.0, OTG","Fingerprint (front-mounted), accelerometer, gyro, proximity, compass, barometer, heart rate, SpO2",ANT+,"Li-Ion 3000 mAh, non-removable","Black Sapphire, Gold Platinum","SM-G928V, SM-G928P, SM-G928R, SM-G928R4",About 500 EUR
https://www.gsmarena.com/samsung_galaxy_s6_edge+-7467.php,https://fdn2.gsmarena.com/vv/bigpic/samsung-galaxy-s6-edge-plus.jpg,Samsung Galaxy S6 edge+,"Released 2015, August","153g, 6.9mm thickness","Android 5.1.1, up to 7.0, TouchWiz UI","32GB/64GB storage, no card slot","5.7""",1440x2560 pixels,4 GB RAM,3000 mAh Li-Ion,GSM 850 / 900 / 1800 / 1900,"HSDPA 850 / 1700(AWS) / 1900 / 2100 - G928T, G928A","1, 2, 3, 4, 5, 7, 8, 12, 20 - G928T","HSPA 42.2/5.76 Mbps, LTE-A (2CA) Cat6 300/50 Mbps/ LTE-A (3CA) Cat9 450/50 Mbps","2015, August. Released 2015, August",Discontinued,154.4 x 75.8 x 6.9 mm (6.08 x 2.98 x 0.27 in),153 g (5.40 oz),"Glass front (Gorilla Glass 4), glass back (Gorilla Glass 4), aluminum frame",Nano-SIM,Super AMOLED,"5.7 inches, 88.5 cm(~75.6% screen-to-body ratio)","1440 x 2560 pixels, 16:9 ratio (~518 ppi density)",Corning Gorilla Glass 4,"Android 5.1.1 (Lollipop), upgradable to 7.0 (Nougat), TouchWiz UI",Exynos 7420 Octa (14 nm),Octa-core (4x2.1 GHz Cortex-A57 & 4x1.5 GHz Cortex-A53),Mali-T760MP8,No,"32GB 4GB RAM, 64GB 4GB RAM",UFS 2.0,"16 MP, f/1.9, 28mm (wide), 1/2.6"", 1.12µm, AF, OIS","LED flash, auto-HDR, panorama","4K@30fps, 1080p@30fps (gyro-EIS), 1080p@60fps, 720p@120fps, HDR, stereo sound rec., OIS","5 MP, f/1.9, 22mm (wide)","Dual video call, Auto-HDR",1440p@30fps,24-bit/192kHz audio,"Wi-Fi 802.11 a/b/g/n/ac, dual-band, Wi-Fi Direct, hotspot","4.2, A2DP, LE, aptX","GPS, GLONASS, BDS",Yes,No,"microUSB 2.0, OTG","Fingerprint (front-mounted), accelerometer, gyro, proximity, compass, barometer, heart rate, SpO2",ANT+,"Li-Ion 3000 mAh, non-removable",Up to 20 h (3G),Up to 66 h,"Black Sapphire, Gold Platinum, Silver Titan, White Pearl, Pink","SM-G928A, SM-G928F, SM-G928A, SM-G928T, G928I, SM-G928G, SM-G928C, SM-G928I, SCV31, SM-G9280, SM-G928L, SM-G928S, SM-G928K, SM-G928W8",1.22 W/kg (head)     1.48 W/kg (body),0.22 W/kg (head)     0.58 W/kg (body),About 450 EUR,Basemark X: 26333,
https://www.gsmarena.com/samsung_galaxy_s6_edge+_duos-7509.php,https://fdn2.gsmarena.com/vv/bigpic/samsung-galaxy-s6-edge-plus.jpg,Samsung Galaxy S6 edge+ Duos,"Released 2015, August","153g, 6.9mm thickness","Android 5.1.1, up to 6.0.1, TouchWiz UI","32GB/64GB storage, no card slot","5.7""",1440x2560 pixels,4 GB RAM,3000 mAh Li-Ion,GSM 850 / 900 / 1800 / 1900 - SIM 1 & SIM 2,HSDPA 850 / 900 / 1900 / 2100 - G9287,"1, 2, 3, 4, 5, 7, 8, 12, 17, 18, 19, 25, 26, 28, 38, 39, 40, 41 - G9287","HSPA 42.2/5.76 Mbps, LTE-A Cat6 300/50 Mbps/ LTE-A (3CA) Cat9 450/50 Mbps","2015, August. Released 2015, August",Discontinued,154.4 x 75.8 x 6.9 mm (6.08 x 2.98 x 0.27 in),153 g (5.40 oz),"Glass front (Gorilla Glass 4), glass back (Gorilla Glass 4), aluminum frame","Dual SIM (Nano-SIM, dual stand-by)",Super AMOLED,"5.7 inches, 89.6 cm(~76.5% screen-to-body ratio)","1440 x 2560 pixels, 16:9 ratio (~515 ppi density)",Corning Gorilla Glass 4,"Android 5.1.1 (Lollipop), upgradable to 6.0.1 (Marshmallow), TouchWiz UI",Exynos 7420 Octa (14 nm),Octa-core (4x2.1 GHz Cortex-A57 & 4x1.5 GHz Cortex-A53),Mali-T760MP8,No,"32GB 4GB RAM, 64GB 4GB RAM",UFS 2.0,"16 MP, f/1.9, 28mm (wide), 1/2.6"", 1.12µm, AF, OIS","LED flash, auto-HDR, panorama","4K@30fps, 1080p@30fps (gyro-EIS), 1080p@60fps, 720p@120fps, HDR, stereo sound rec., OIS","5 MP, f/1.9, 22mm (wide)","Dual video call, Auto-HDR",1440p@30fps,24-bit/192kHz audio,"Wi-Fi 802.11 a/b/g/n/ac, dual-band, Wi-Fi Direct, hotspot","4.2, A2DP, LE, aptX","GPS, GLONASS, BDS",Yes,No,"microUSB 2.0, OTG","Fingerprint (front-mounted), accelerometer, gyro, proximity, compass, barometer, heart rate, SpO2",ANT+,"Li-Ion 3000 mAh, non-removable",Up to 20 h (3G),Up to 66 h,"Black Sapphire, Gold Platinum, Silver Titan, White Pearl","SM-G9287C, SM-G9287, SM-G928A, SM-G928F",1.22 W/kg (head)     1.44 W/kg (body),0.29 W/kg (head)     0.66 W/kg (body),About 450 EUR
