Link,Image,Name,Release date,Weight,OS,Storage,Screen_size,Screen_resolution,RAM,Battery,net2g,net3g,net4g,net5g,speed,year,status,dimensions,weight,sim,displaytype,displaysize,displayresolution,os,chipset,cpu,gpu,memoryslot,internalmemory,cam1modules,cam1features,cam1video,cam2modules,cam2features,cam2video,wlan,bluetooth,gps,nfc,radio,usb,sensors,batdescription1,colors,models
https://www.gsmarena.com/oppo_a95_5g-10834.php,https://fdn2.gsmarena.com/vv/bigpic/oppo-a95-5g.jpg,Oppo A95 5G,"Released 2021, May 08","173g, 7.8mm thickness","Android 11, ColorOS 11.1","128GB/256GB storage, microSDXC","6.43""",1080x2400 pixels,8 GB RAM,4310 mAh Li-Po,GSM 850 / 900 / 1800 / 1900 - SIM 1 & SIM 2,HSDPA 850 / 900 / 1700(AWS) / 1900 / 2100,"1, 2, 3, 4, 5, 7, 8, 34, 38, 39, 40, 41","1, 28, 41, 77, 78 SA/NSA","HSPA, LTE-A, 5G","2021, April 27","Available. Released 2021, May 08",160.1 x 73.4 x 7.8 mm (6.30 x 2.89 x 0.31 in),173 g (6.10 oz),"Dual SIM (Nano-SIM, dual stand-by)","AMOLED, 430 nits (typ), 800 nits (peak)","6.43 inches, 99.8 cm(~84.9% screen-to-body ratio)","1080 x 2400 pixels, 20:9 ratio (~409 ppi density)","Android 11, ColorOS 11.1",Mediatek MT6853 Dimensity 800U (7 nm),Octa-core (2x2.4 GHz Cortex-A76 & 6x2.0 GHz Cortex-A55),Mali-G57 MC3,microSDXC,"128GB 8GB RAM, 256GB 8GB RAM","48 MP, f/1.7, 25mm (wide), 1/2.0"", 0.8µm, PDAF","LED flash, HDR, panorama","4K@30fps, 1080p@30/120fps, gyro-EIS","16 MP, f/2.4, 26mm (wide), 1/3.09"", 1.0µm",HDR,1080p@30fps,"Wi-Fi 802.11 a/b/g/n/ac, dual-band, Wi-Fi Direct","5.1, A2DP, LE, aptX HD","GPS, GLONASS, GALILEO, BDS",Yes,No,"USB Type-C 2.0, OTG","Fingerprint (under display, optical), accelerometer, gyro, proximity, compass","Li-Po 4310 mAh, non-removable","Fluid Black, Cosmo Blue, Silver",PELM00
https://www.gsmarena.com/oppo_a94_5g-10799.php,https://fdn2.gsmarena.com/vv/bigpic/oppo-a94-5g.jpg,Oppo A94 5G,"Released 2021, May 03","173g, 7.8mm thickness","Android 11, ColorOS 11.1","128GB storage, microSDXC","6.43""",1080x2400 pixels,8 GB RAM,4310 mAh Li-Po,GSM 850 / 900 / 1800 / 1900 - SIM 1 & SIM 2,HSDPA 850 / 900 / 2100,"1, 3, 5, 7, 8, 38, 40, 41","1, 41, 77, 78 SA/NSA","HSPA, LTE-A, 5G","2021, April 16","Available. Released 2021, May 03",160.1 x 73.4 x 7.8 mm (6.30 x 2.89 x 0.31 in),173 g (6.10 oz),"Dual SIM (Nano-SIM, dual stand-by)","Super AMOLED, 430 nits (typ), 800 nits (peak)","6.43 inches, 99.8 cm(~84.9% screen-to-body ratio)","1080 x 2400 pixels, 20:9 ratio (~409 ppi density)","Android 11, ColorOS 11.1",Mediatek MT6853 Dimensity 800U (7 nm),Octa-core (2x2.4 GHz Cortex-A76 & 6x2.0 GHz Cortex-A55),Mali-G57 MC3,microSDXC,128GB 8GB RAM,"48 MP, f/1.7, 25mm (wide), 1/2.0"", 0.8µm, PDAF","LED flash, HDR, panorama","4K@30fps, 1080p@30fps; gyro-EIS, HDR","16 MP, f/2.4, 26mm (wide), 1/3.09"", 1.0µm",HDR,1080p@30fps,"Wi-Fi 802.11 a/b/g/n/ac, dual-band, Wi-Fi Direct","5.1, A2DP, LE, aptX HD","GPS, GLONASS, GALILEO, BDS",Yes,Unspecified,"USB Type-C 2.0, OTG","Fingerprint (under display, optical), accelerometer, gyro, proximity, compass","Li-Po 4310 mAh, non-removable","Fluid Black, Space Silver, Cosmo Blue",CPH2211,
https://www.gsmarena.com/oppo_a35-10852.php,https://fdn2.gsmarena.com/vv/bigpic/oppo-a15s.jpg,Oppo A35,"Released 2021, April 26","177g, 7.9mm thickness","Android 10, ColorOS 7.2","64GB/128GB storage, microSDXC","6.52""",720x1600 pixels,4 GB RAM,4230 mAh Li-Po,GSM 850 / 900 / 1800 / 1900 - SIM 1 & SIM 2,HSDPA 850 / 900 / 2100,"1, 3, 5, 8, 34, 38, 39, 40, 41","HSPA, LTE-A","2021, April 14","Available. Released 2021, April 26",164 x 75.4 x 7.9 mm (6.46 x 2.97 x 0.31 in),177 g (6.24 oz),"Glass front, plastic back, plastic frame","Dual SIM (Nano-SIM, dual stand-by)","IPS LCD, 480 nits (typ)","6.52 inches, 102.6 cm(~83.0% screen-to-body ratio)","720 x 1600 pixels, 20:9 ratio (~269 ppi density)","Android 10, ColorOS 7.2",Mediatek MT6765 Helio P35 (12nm),Octa-core (4x2.35 GHz Cortex-A53 & 4x1.8 GHz Cortex-A53),PowerVR GE8320,microSDXC,"64GB 4GB RAM, 128GB 4GB RAM",eMMC 5.1,"13 MP, f/2.2, (wide), 1/3.1"", 1.12µm, PDAF","LED flash, HDR, panorama",1080p@30fps,"8 MP, f/2.0, (wide)",HDR,1080p@30fps,"Wi-Fi 802.11 b/g/n, Wi-Fi Direct","5.0, A2DP, LE, aptX","GPS, GLONASS, GALILEO, BDS",No,FM radio,"microUSB 2.0, OTG","Fingerprint (rear-mounted), accelerometer, proximity","Li-Po 4230 mAh, non-removable","Black, White, Blue","PEHM00, PEFM00"
https://www.gsmarena.com/oppo_reno5_z-10760.php,https://fdn2.gsmarena.com/vv/bigpic/oppo-f19-pro-plus-r.jpg,Oppo Reno5 Z,"Released 2021, April 04","173g, 7.8mm thickness","Android 11, ColorOS 11.1","128GB storage, no card slot","6.43""",1080x2400 pixels,8 GB RAM,4310 mAh Li-Po,GSM 850 / 900 / 1800 / 1900 - SIM 1 & SIM 2 (dual-SIM model only),HSDPA 850 / 900 / 2100,"1, 3, 5, 7, 8, 38, 40, 41","1, 41, 77, 78 SA/NSA","HSPA, LTE-A, 5G","2021, April 04","Available. Released 2021, April 04",160.1 x 73.4 x 7.8 mm (6.30 x 2.89 x 0.31 in),173 g (6.10 oz),"Single SIM (Nano-SIM) or Dual SIM (Nano-SIM, dual stand-by)","Super AMOLED, 430 nits (typ), 800 nits (peak)","6.43 inches, 99.8 cm(~84.9% screen-to-body ratio)","1080 x 2400 pixels, 20:9 ratio (~409 ppi density)","Android 11, ColorOS 11.1",Mediatek MT6853 Dimensity 800U (7 nm),Octa-core (2x2.4 GHz Cortex-A76 & 6x2.0 GHz Cortex-A55),Mali-G57 MC3,No,128GB 8GB RAM,"48 MP, f/1.7, 25mm (wide), 1/2.0"", 0.8µm, PDAF","LED flash, HDR, panorama","4K@30fps, 1080p@30fps, gyro-EIS","16 MP, f/2.4, 26mm (wide), 1/3.09"", 1.0µm",HDR,1080p@30fps,"Wi-Fi 802.11 a/b/g/n/ac, dual-band, Wi-Fi Direct","5.1, A2DP, LE, aptX HD","GPS, GLONASS, GALILEO, BDS",Yes,Unspecified,"USB Type-C 2.0, OTG","Fingerprint (under display, optical), accelerometer, gyro, proximity, compass","Li-Po 4310 mAh, non-removable","Fluid Black, Cosmo Blue",CPH2211,About 330 EUR
https://www.gsmarena.com/oppo_a54_5g-10866.php,https://fdn2.gsmarena.com/vv/bigpic/oppo-a54-5g.jpg,Oppo A54 5G,"Released 2021, April 14","190g, 8.4mm thickness","Android 11, ColorOS 11.1","64GB/128GB storage, microSDXC","6.5""",1080x2400 pixels,4 GB RAM,5000 mAh Li-Po,GSM 850 / 900 / 1800 / 1900 - SIM 1 & SIM 2 (dual-SIM model only),HSDPA 850 / 900 / 1900 / 2100,"1, 2, 3, 4, 5, 7, 8, 12, 17, 18, 19, 20, 26, 28, 38, 39, 40, 41, 66","1, 3, 5, 7, 8, 20, 28, 38, 40, 41, 77, 78 SA/NSA","HSPA, LTE-A, 5G","2021, April 14","Available. Released 2021, April 14",162.9 x 74.7 x 8.4 mm (6.41 x 2.94 x 0.33 in),190 g (6.70 oz),"Single SIM (Nano-SIM) or Dual SIM (Nano-SIM, dual stand-by)","IPS LCD, 90Hz, 480 nits (typ)","6.5 inches, 102.0 cm(~83.8% screen-to-body ratio)","1080 x 2400 pixels, 20:9 ratio (~405 ppi density)","Android 11, ColorOS 11.1",Qualcomm SM4350 Snapdragon 480 5G (8 nm),Octa-core (2x2.0 GHz Kryo 460 & 6x1.8 GHz Kryo 460),Adreno 619,microSDXC,"64GB 4GB RAM, 128GB 4GB RAM",UFS 2.1 (single lane),"48 MP, f/1.7, 26mm (wide), 1/2.0"", 0.8µm, PDAF","LED flash, panorama","1080p@30fps, gyro-EIS","16 MP, f/2.0, 26mm (wide)",Panorama,1080p@30fps,"Wi-Fi 802.11 a/b/g/n/ac, dual-band, Wi-Fi Direct","5.1, A2DP, LE, aptX HD","GPS, GLONASS, BDS, QZSS",Yes (market/region dependent),No,"USB Type-C 2.0, OTG","Fingerprint (side-mounted), accelerometer, gyro, proximity, compass","Li-Po 5000 mAh, non-removable","Fluid Black, Fantastic Purple, Space Silver","CPH2195, OPG02",
https://www.gsmarena.com/oppo_a74_5g-10830.php,https://fdn2.gsmarena.com/vv/bigpic/oppo-a74-5g.jpg,Oppo A74 5G,"Released 2021, April 13","190g, 8.4mm thickness","Android 11, ColorOS 11.1","128GB storage, microSDXC","6.5""",1080x2400 pixels,6/8 GB RAM,5000 mAh Li-Po,GSM 850 / 900 / 1800 / 1900 - SIM 1 & SIM 2,HSDPA 850 / 900 / 1900 / 2100,"1, 2, 3, 4, 5, 7, 8, 12, 17, 18, 19, 20, 26, 28, 38, 39, 40, 41, 66","1, 3, 5, 7, 8, 20, 28, 38, 40, 41, 77, 78 SA/NSA","HSPA, LTE-A, 5G","2021, April 05","Available. Released 2021, April 13",162.9 x 74.7 x 8.4 mm (6.41 x 2.94 x 0.33 in),190 g (6.70 oz),"Dual SIM (Nano-SIM, dual stand-by)","IPS LCD, 90Hz, 480 nits (typ)","6.5 inches, 102.0 cm(~83.8% screen-to-body ratio)","1080 x 2400 pixels, 20:9 ratio (~405 ppi density)","Android 11, ColorOS 11.1",Qualcomm SM4350 Snapdragon 480 5G (8 nm),Octa-core (2x2.0 GHz Kryo 460 & 6x1.8 GHz Kryo 460),Adreno 619,microSDXC,"128GB 6GB RAM, 128GB 8GB RAM",UFS 2.1 (single lane),"48 MP, f/1.7, 26mm (wide), 1/2.0"", 0.8µm, PDAF","LED flash, panorama","1080p@30fps, gyro-EIS","16 MP, f/2.0, 26mm (wide)",Panorama,1080p@30fps,"Wi-Fi 802.11 a/b/g/n/ac, dual-band, Wi-Fi Direct","5.1, A2DP, LE, aptX HD","GPS, GLONASS, BDS, QZSS",Yes,No,"USB Type-C 2.0, OTG","Fingerprint (side-mounted), accelerometer, gyro, proximity, compass","Li-Po 5000 mAh, non-removable","Fluid Black, Space Silver","CPH2197, CPH2263",
https://www.gsmarena.com/oppo_a74-10829.php,https://fdn2.gsmarena.com/vv/bigpic/oppo-f19.jpg,Oppo A74,"Released 2021, May 10","175g, 8mm thickness","Android 11, ColorOS 11.1","128GB storage, microSDXC","6.43""",1080x2400 pixels,4-8 GB RAM,5000 mAh Li-Po,GSM 850 / 900 / 1800 / 1900 - SIM 1 & SIM 2,HSDPA 850 / 900 / 2100,"1, 3, 5, 7, 8, 20, 28, 38, 40, 41","HSPA, LTE-A","2021, April 05","Available. Released 2021, May 10",160.3 x 73.8 x 8 mm (6.31 x 2.91 x 0.31 in),175 g (6.17 oz),"Dual SIM (Nano-SIM, dual stand-by)","AMOLED, 430 nits (typ), 800 nits (peak)","6.43 inches, 99.8 cm(~84.4% screen-to-body ratio)","1080 x 2400 pixels, 20:9 ratio (~409 ppi density)","Android 11, ColorOS 11.1",Qualcomm SM6115 Snapdragon 662 (11 nm),Octa-core (4x2.0 GHz Kryo 260 Gold & 4x1.8 GHz Kryo 260 Silver),Adreno 610,microSDXC,"128GB 4GB RAM, 128GB 6GB RAM, 128GB 8GB RAM","48 MP, f/1.7, 26mm (wide), 1/2.0"", 0.8µm, PDAF","LED flash, HDR, panorama",1080p@30fps,"16 MP, f/2.4, 27mm (wide), 1/3.06"", 1.0µm",1080p@30fps,"Wi-Fi 802.11 a/b/g/n/ac, dual-band, Wi-Fi Direct","5.0, A2DP, LE, aptX","GPS, GLONASS, GALILEO, BDS",No,Unspecified,"USB Type-C 2.0, OTG","Fingerprint (under display, optical), accelerometer, gyro, proximity, compass","Li-Po 5000 mAh, non-removable","Prism Black, Midnight Blue",CHP2219,
https://www.gsmarena.com/oppo_f19-10764.php,https://fdn2.gsmarena.com/vv/bigpic/oppo-f19.jpg,Oppo F19,"Released 2021, April 08","175g, 8mm thickness","Android 11, ColorOS 11.1","128GB storage, microSDXC","6.43""",1080x2400 pixels,6 GB RAM,5000 mAh Li-Po,GSM 850 / 900 / 1800 / 1900 - SIM 1 & SIM 2,HSDPA 850 / 900 / 2100,"1, 3, 5, 8, 38, 40, 41","HSPA, LTE-A","2021, April 01","Available. Released 2021, April 08",160.3 x 73.8 x 8 mm (6.31 x 2.91 x 0.31 in),175 g (6.17 oz),"Dual SIM (Nano-SIM, dual stand-by)","AMOLED, 430 nits (typ), 800 nits (peak)","6.43 inches, 99.8 cm(~84.4% screen-to-body ratio)","1080 x 2400 pixels, 20:9 ratio (~409 ppi density)","Android 11, ColorOS 11.1",Qualcomm SM6115 Snapdragon 662 (11 nm),Octa-core (4x2.0 GHz Kryo 260 Gold & 4x1.8 GHz Kryo 260 Silver),Adreno 610,microSDXC (dedicated slot),128GB 6GB RAM,"48 MP, f/1.7, 26mm (wide), 1/2.0"", 0.8µm, PDAF","LED flash, panorama",1080p@30fps,"16 MP, f/2.4, 27mm (wide), 1/3.09"", 1.0µm",Panorama,1080p@30fps,"Wi-Fi 802.11 a/b/g/n/ac, dual-band, Wi-Fi Direct","5.0, A2DP, LE, aptX","GPS, GLONASS, GALILEO, BDS",No,FM radio,"USB Type-C 2.0, OTG","Fingerprint (under display, optical), accelerometer, gyro, proximity, compass","Li-Po 5000 mAh, non-removable","Prism Black, Midnight Blue","CHP2219, CPH2219",0.92 W/kg (head)     0.84 W/kg (body),
https://www.gsmarena.com/oppo_a54-10818.php,https://fdn2.gsmarena.com/vv/bigpic/oppo-a54.jpg,Oppo A54,"Released 2021, April 01","192g, 8.4mm thickness","Android 10, ColorOS 7.2","64GB/128GB storage, microSDXC","6.51""",720x1600 pixels,4/6 GB RAM,5000 mAh Li-Po,GSM 850 / 900 / 1800 / 1900 - SIM 1 & SIM 2,HSDPA 850 / 900 / 2100,"1, 3, 5, 8, 38, 40, 41","HSPA, LTE-A","2021, March 26","Available. Released 2021, April 01",163.6 x 75.7 x 8.4 mm (6.44 x 2.98 x 0.33 in),192 g (6.77 oz),"Dual SIM (Nano-SIM, dual stand-by)",IPS LCD,"6.51 inches, 102.3 cm(~82.6% screen-to-body ratio)","720 x 1600 pixels, 20:9 ratio (~270 ppi density)","Android 10, ColorOS 7.2",Mediatek MT6765 Helio P35 (12nm),Octa-core (4x2.35 GHz Cortex-A53 & 4x1.8 GHz Cortex-A53),PowerVR GE8320,microSDXC (dedicated slot),"64GB 4GB RAM, 128GB 4GB RAM, 128GB 6GB RAM","13 MP, f/2.2, 25mm (wide), 1/3.06"", 1.12µm, PDAF","LED flash, HDR, panorama",1080p@30fps,"16 MP, f/2.0, (wide), 1/3.06"", 1.0µm",HDR,1080p@30fps,"Wi-Fi 802.11 a/b/g/n/ac, dual-band, Wi-Fi Direct","5.0, A2DP, LE, aptX HD","GPS, GLONASS, GALILEO, BDS",No,FM radio,"USB Type-C 2.0, OTG","Fingerprint (side-mounted), accelerometer, proximity, compass","Li-Po 5000 mAh, non-removable","Crystal Black, Starry Blue",CPH2239,
https://www.gsmarena.com/oppo_find_x3_pro-10627.php,https://fdn2.gsmarena.com/vv/bigpic/oppo-find-x3-pro.jpg,Oppo Find X3 Pro,"Released 2021, March 19","193g, 8.3mm thickness","Android 11, up to Android 13, ColorOS 13","256GB/512GB storage, no card slot","6.7""",1440x3216 pixels,8-16 GB RAM,4500 mAh Li-Po,GSM 850 / 900 / 1800 / 1900 - SIM 1 & SIM 2,HSDPA 800 / 850 / 900 / 1700(AWS) / 1900 / 2100,"1, 2, 3, 4, 5, 7, 8, 12, 13, 17, 18, 19, 20, 25, 26, 28, 32, 34, 38, 39, 40, 41, 42, 66 - International","1, 3, 5, 7, 8, 20, 28, 38, 40, 41, 77, 78, 79 SA/NSA - International","HSPA, LTE-A, 5G","2021, March 11","Available. Released 2021, March 19",163.6 x 74 x 8.3 mm (6.44 x 2.91 x 0.33 in),193 g (6.81 oz),"Glass front (Gorilla Glass 5), glass back (Gorilla Glass 5), aluminum frame",Nano-SIM and eSIM,IP68 dust/water resistant (up to 1.5m for 30 min),"LTPO AMOLED, 1B colors, 120Hz, HDR10+, BT.2020, 500 nits (typ), 1300 nits (peak)","6.7 inches, 108.4 cm(~89.6% screen-to-body ratio)","1440 x 3216 pixels, 20:9 ratio (~525 ppi density)",Corning Gorilla Glass 5,"Android 11, upgradable to Android 13, ColorOS 13",Qualcomm SM8350 Snapdragon 888 5G (5 nm),Octa-core (1x2.84 GHz Cortex-X1 & 3x2.42 GHz Cortex-A78 & 4x1.80 GHz Cortex-A55),Adreno 660,No,"256GB 8GB RAM, 256GB 12GB RAM, 512GB 16GB RAM",UFS 3.1,"50 MP, f/1.8, 26mm (wide), 1/1.56"", 1.0µm, multi-directional PDAF, OIS","LED flash, HDR, panorama","4K@30/60fps, 1080p@30/60/240fps; gyro-EIS; HDR, 10‑bit video","32 MP, f/2.4, 26mm (wide), 1/2.8"", 0.8µm",Panorama,1080p@30fps,"Wi-Fi 802.11 a/b/g/n/ac/6, dual-band, Wi-Fi Direct","5.2, A2DP, LE, aptX HD","GPS (L1+L5), GLONASS (L1), BDS (B1I+B1c+B2a), GALILEO (E1+E5a), QZSS (L1+L5)",Yes,No,"USB Type-C 3.1, OTG","Fingerprint (under display, optical), accelerometer, gyro, proximity, compass, color spectrum","Li-Po 4500 mAh, non-removable","Gloss Black, Blue, White, Cosmic Mocha, Mars Edition, Photographer Edition","CPH2173, PEEM00",,AnTuTu: 656467 (v8),
https://www.gsmarena.com/oppo_find_x3-10786.php,https://fdn2.gsmarena.com/vv/bigpic/oppo-find-x3-pro.jpg,Oppo Find X3,"Released 2021, March 19","193g, 8.3mm thickness","Android 11, up to Android 13, ColorOS 13","128GB/256GB storage, no card slot","6.7""",1440x3216 pixels,8 GB RAM,4500 mAh Li-Po,GSM 850 / 900 / 1800 / 1900 - SIM 1 & SIM 2,HSDPA 800 / 850 / 900 / 1700(AWS) / 1900 / 2100,"1, 2, 3, 4, 5, 7, 8, 12, 13, 17, 18, 19, 20, 26, 28, 34, 38, 39, 40, 41, 42, 66 - China","1, 2, 3, 5, 7, 8, 12, 20, 28, 38, 40, 41, 66, 77, 78, 79 - China","HSPA, LTE-A, 5G","2021, March 11","Available. Released 2021, March 19",163.6 x 74 x 8.3 mm (6.44 x 2.91 x 0.33 in),193 g (6.81 oz),"Glass front (Gorilla Glass), glass back, aluminum frame",Nano-SIM and eSIM,Dust/water resistant,"LTPO AMOLED, 1B colors, 120Hz, HDR10+, BT.2020, 500 nits (typ), 1300 nits (peak)","6.7 inches, 108.4 cm(~89.6% screen-to-body ratio)","1440 x 3216 pixels, 20:9 ratio (~525 ppi density)",Corning Gorilla Glass,"Android 11, upgradable to Android 13, ColorOS 13",Qualcomm SM8250-AC Snapdragon 870 5G (7 nm),Octa-core (1x3.2 GHz Kryo 585 & 3x2.42 GHz Kryo 585 & 4x1.80 GHz Kryo 585),Adreno 650,No,"128GB 8GB RAM, 256GB 8GB RAM",UFS 3.1,"50 MP, f/1.8, 26mm (wide), 1/1.56"", 1.0µm, multi-directional PDAF, OIS","LED flash, HDR, panorama","4K@30/60fps, 1080p@30/60/240fps; gyro-EIS; HDR, 10‑bit video","32 MP, f/2.4, 26mm (wide), 1/2.8"", 0.8µm",Panorama,1080p@30fps,"Wi-Fi 802.11 a/b/g/n/ac/6, dual-band, Wi-Fi Direct","5.2, A2DP, LE, aptX HD","GPS (L1+L5), GLONASS (G1), BDS (B1I+B1c+B2a), GALILEO (E1+E5a), QZSS (L1+L5)",Yes,No,"USB Type-C 3.1, OTG","Fingerprint (under display, optical), accelerometer, gyro, proximity, compass, color spectrum","Li-Po 4500 mAh, non-removable","Gloss Black, Blue, White",PEDM00,About 600 EUR
https://www.gsmarena.com/oppo_find_x3_neo-10787.php,https://fdn2.gsmarena.com/vv/bigpic/oppo-reno5-pro-plus-5g.jpg,Oppo Find X3 Neo,"Released 2021, March 19","184g, 8mm thickness","Android 11, up to Android 12, ColorOS","128GB/256GB storage, no card slot","6.55""",1080x2400 pixels,12 GB RAM,4500 mAh Li-Po,GSM 850 / 900 / 1800 / 1900 - SIM 1 & SIM 2,HSDPA 800 / 850 / 900 / 1700(AWS) / 1900 / 2100,"1, 2, 3, 4, 5, 7, 8, 12, 17, 18, 19, 26, 20, 28, 32, 38, 39, 40, 41, 66","1, 3, 5, 7, 8, 20, 28, 38, 40, 41, 77, 78 SA/NSA","HSPA, LTE-A, 5G","2021, March 11","Available. Released 2021, March 19",159.9 x 72.5 x 8 mm (6.30 x 2.85 x 0.31 in),184 g (6.49 oz),"Glass front (Gorilla Glass 5), glass back (Gorilla Glass 5), aluminum frame","Dual SIM (Nano-SIM, dual stand-by)","AMOLED, 90Hz, HDR10+, 500 nits (typ), 1100 nits (peak)","6.55 inches, 103.6 cm(~89.3% screen-to-body ratio)","1080 x 2400 pixels, 20:9 ratio (~402 ppi density)",Corning Gorilla Glass 5,"Android 11, upgradable to Android 12, ColorOS",Qualcomm SM8250 Snapdragon 865 5G (7 nm+),Octa-core (1x2.84 GHz Cortex-A77 & 3x2.42 GHz Cortex-A77 & 4x1.80 GHz Cortex-A55),Adreno 650,No,"128GB 12GB RAM, 256GB 12GB RAM",UFS 3.1,"50 MP, f/1.8, 24mm (wide), 1/1.56"", 1.0µm, multi-directional PDAF, OIS","Dual LED flash, HDR, panorama","4K@30/60fps, 1080p@30/60fps; gyro-EIS, HDR","32 MP, f/2.4, 26mm (wide), 1/2.8"", 0.8µm",Panorama,"1080p@30fps, gyro-EIS","Wi-Fi 802.11 a/b/g/n/ac/6, dual-band, Wi-Fi Direct","5.2, A2DP, LE, aptX HD","GPS (L1+L5), GLONASS (G1), BDS (B1I+B2a), GALILEO (E1+E5a), QZSS (L1+L5)",Yes,No,"USB Type-C 2.0, OTG","Fingerprint (under display, optical), accelerometer, gyro, proximity, compass, color spectrum","Li-Po 4500 mAh, non-removable","Galactic Silver, Starlight Black",CPH2207,
https://www.gsmarena.com/oppo_find_x3_lite-10719.php,https://fdn2.gsmarena.com/vv/bigpic/oppo-reno5-5g.jpg,Oppo Find X3 Lite,"Released 2021, March 19","172g or 180g, 7.9mm thickness","Android 11, up to Android 13, ColorOS 13","128GB storage, no card slot","6.43""",1080x2400 pixels,8 GB RAM,4300 mAh Li-Po,GSM 850 / 900 / 1800 / 1900 - SIM 1 & SIM 2,HSDPA 800 / 850 / 900 / 1700(AWS) / 1900 / 2100,"1, 2, 3, 4, 5, 7, 8, 12, 17, 18, 19, 20, 26, 28, 38, 39, 40, 41, 66","1, 3, 5, 7, 8, 20, 28, 38, 40, 41, 77, 78 SA/NSA","HSPA, LTE-A, 5G","2021, March 11","Available. Released 2021, March 19",159.1 x 73.4 x 7.9 mm (6.26 x 2.89 x 0.31 in),172 g or 180 g (6.07 oz),"Dual SIM (Nano-SIM, dual stand-by)","AMOLED, 90Hz, 430 nits (typ), 750 nits (peak)","6.43 inches, 99.3 cm(~85.1% screen-to-body ratio)","1080 x 2400 pixels, 20:9 ratio (~410 ppi density)",Corning Gorilla Glass 5,"Android 11, upgradable to Android 13, ColorOS 13",Qualcomm SM7250 Snapdragon 765G 5G (7 nm),Octa-core (1x2.4 GHz Kryo 475 Prime & 1x2.2 GHz Kryo 475 Gold & 6x1.8 GHz Kryo 475 Silver),Adreno 620,No,128GB 8GB RAM,UFS 2.1,"64 MP, f/1.7, 26mm (wide), 1/1.73"", 0.8µm, PDAF","LED flash, HDR, panorama","4K@30fps, 1080p@30/60/120fps; gyro-EIS, HDR","32 MP, f/2.4, 24mm (wide), 1/2.8"", 0.8µm",HDR,"1080p@30fps, gyro-EIS","Wi-Fi 802.11 a/b/g/n/ac, dual-band, Wi-Fi Direct","5.1, A2DP, LE, aptX HD","GPS (L1+L5), GLONASS (G1), BDS (B1I+B2a), GALILEO (E1+E5a), QZSS (L1+L5)",Yes,No,"USB Type-C 2.0, OTG","Fingerprint (under display, optical), accelerometer, gyro, proximity, compass","Li-Po 4300 mAh, non-removable","Galactic Silver, Azure Blue, Starry Black",CPH2145,
https://www.gsmarena.com/oppo_f19_pro+_5g-10762.php,https://fdn2.gsmarena.com/vv/bigpic/oppo-f19-pro-plus-r.jpg,Oppo F19 Pro+ 5G,"Released 2021, March 17","173g, 7.8mm thickness","Android 11, up to Android 12, ColorOS 12","128GB storage, microSDXC","6.43""",1080x2400 pixels,8 GB RAM,4310 mAh Li-Po,GSM 850 / 900 / 1800 / 1900 - SIM 1 & SIM 2,HSDPA 850 / 900 / 2100,"1, 3, 5, 7, 8, 38, 40, 41","1, 41, 77, 78 SA/NSA","HSPA, LTE-A, 5G","2021, March 08","Available. Released 2021, March 17",160.1 x 73.4 x 7.8 mm (6.30 x 2.89 x 0.31 in),173 g (6.10 oz),"Dual SIM (Nano-SIM, dual stand-by)","Super AMOLED, 430 nits (typ), 800 nits (peak)","6.43 inches, 99.8 cm(~84.9% screen-to-body ratio)","1080 x 2400 pixels, 20:9 ratio (~409 ppi density)",Corning Gorilla Glass 5,"Android 11, upgradable to Android 12, ColorOS 12",Mediatek MT6853 Dimensity 800U (7 nm),Octa-core (2x2.4 GHz Cortex-A76 & 6x2.0 GHz Cortex-A55),Mali-G57 MC3,microSDXC (dedicated slot),128GB 8GB RAM,UFS 2.1,"48 MP, f/1.7, 25mm (wide), 1/2.0"", 0.8µm, PDAF","LED flash, HDR, panorama","4K@30fps, 1080p@30/120fps; gyro-EIS, HDR","16 MP, f/2.4, 26mm (wide), 1/3.09"", 1.0µm",HDR,1080p@30fps,"Wi-Fi 802.11 a/b/g/n/ac, dual-band, Wi-Fi Direct","5.1, A2DP, LE, aptX HD","GPS, GLONASS, GALILEO, BDS",No,Unspecified,"USB Type-C 2.0, OTG","Fingerprint (under display, optical), accelerometer, gyro, proximity, compass","Li-Po 4310 mAh, non-removable","Fluid Black, Space Silver, Cosmo Blue",CPH2213,
https://www.gsmarena.com/oppo_f19_pro-10761.php,https://fdn2.gsmarena.com/vv/bigpic/oppo-f19-pro-r.jpg,Oppo F19 Pro,"Released 2021, March 17","172g, 7.8mm thickness","Android 11, ColorOS 11.1","128GB/256GB storage, microSDXC","6.43""",1080x2400 pixels,8 GB RAM,4310 mAh Li-Po,GSM 850 / 900 / 1800 / 1900 - SIM 1 & SIM 2,HSDPA 850 / 900 / 2100,"1, 3, 5, 8, 38, 40, 41","HSPA, LTE-A","2021, March 08","Available. Released 2021, March 17",160.1 x 73.2 x 7.8 mm (6.30 x 2.88 x 0.31 in),172 g (6.07 oz),"Dual SIM (Nano-SIM, dual stand-by)","Super AMOLED, 430 nits (typ), 800 nits (peak)","6.43 inches, 99.8 cm(~85.2% screen-to-body ratio)","1080 x 2400 pixels, 20:9 ratio (~409 ppi density)","Android 11, ColorOS 11.1",Mediatek MT6779V Helio P95 (12 nm),Octa-core (2x2.2 GHz Cortex-A75 & 6x2.0 GHz Cortex-A55),PowerVR GM9446,microSDXC (dedicated slot),"128GB 8GB RAM, 256GB 8GB RAM",UFS 2.1,"48 MP, f/1.7, 25mm (wide), 1/2.0"", 0.8µm, PDAF","LED flash, HDR, panorama","4K@30fps, 1080p@30/120fps; gyro-EIS","16 MP, f/2.4, 26mm (wide), 1/3.09"", 1.0µm",HDR,1080p@30fps,"Wi-Fi 802.11 a/b/g/n/ac, dual-band, Wi-Fi Direct","5.1, A2DP, LE, aptX HD","GPS, GLONASS, GALILEO, BDS, QZSS",No,Unspecified,"USB Type-C, OTG","Fingerprint (under display, optical), accelerometer, gyro, proximity, compass","Li-Po 4310 mAh, non-removable","Fluid Black, Space Silver",CPH2285,
https://www.gsmarena.com/oppo_reno5_lite-10716.php,https://fdn2.gsmarena.com/vv/bigpic/oppo-reno5-f-cph2217.jpg,Oppo Reno5 Lite,"Released 2021, March 23","172g, 7.8mm thickness","Android 11, ColorOS 11.1","128GB storage, microSDXC","6.43""",1080x2400 pixels,8 GB RAM,4310 mAh Li-Po,GSM 850 / 900 / 1800 / 1900 - SIM 1 & SIM 2,HSDPA 850 / 900 / 1700(AWS) / 1900 / 2100,"1, 2, 3, 4, 5, 7, 8, 12, 17, 18, 19, 20, 26, 28, 38, 40, 41, 66","HSPA, LTE-A","2021, March 23","Available. Released 2021, March 23",160.1 x 73.2 x 7.8 mm (6.30 x 2.88 x 0.31 in),172 g (6.07 oz),"Dual SIM (Nano-SIM, dual stand-by)","AMOLED, 430 nits (typ), 800 nits (peak)","6.43 inches, 99.8 cm(~85.2% screen-to-body ratio)","1080 x 2400 pixels, 20:9 ratio (~409 ppi density)","Android 11, ColorOS 11.1",Mediatek MT6779V Helio P95 (12 nm),Octa-core (2x2.2 GHz Cortex-A75 & 6x2.0 GHz Cortex-A55),PowerVR GM9446,microSDXC,128GB 8GB RAM,"48 MP, f/1.7, 26mm (wide), 1/2.0"", 0.8µm, PDAF","LED flash, HDR, panorama","4K@30fps, 1080p@30/120fps, gyro-EIS","32 MP, f/2.4, 24mm (wide)",HDR,1080p@30fps,"Wi-Fi 802.11 a/b/g/n/ac, dual-band, Wi-Fi Direct","5.1, A2DP, LE, aptX HD","GPS, GLONASS, GALILEO, BDS, QZSS",Yes,Unspecified,"USB Type-C 2.0, OTG","Fingerprint (under display, optical), accelerometer, gyro, proximity, compass","Li-Po 4310 mAh, non-removable","Fluid Black, Fantastic Purple",CPH2205,About 300 EUR
https://www.gsmarena.com/oppo_a94-10765.php,https://fdn2.gsmarena.com/vv/bigpic/oppo-reno5-f-cph2217.jpg,Oppo A94,"Released 2021, March 11","172g, 7.8mm thickness","Android 11, ColorOS 11.1","128GB storage, microSDXC","6.43""",1080x2400 pixels,8 GB RAM,4310 mAh Li-Po,GSM 850 / 900 / 1800 / 1900 - SIM 1 & SIM 2,HSDPA 850 / 900 / 2100,"1, 3, 5, 7, 8, 20, 28, 38, 40, 41","HSPA, LTE-A","2021, March 05","Available. Released 2021, March 11",160.1 x 73.2 x 7.8 mm (6.30 x 2.88 x 0.31 in),172 g (6.07 oz),"Dual SIM (Nano-SIM, dual stand-by)","AMOLED, 430 nits (typ), 800 nits (peak)","6.43 inches, 99.8 cm(~85.2% screen-to-body ratio)","1080 x 2400 pixels, 20:9 ratio (~409 ppi density)","Android 11, ColorOS 11.1",Mediatek MT6779V Helio P95 (12 nm),Octa-core (2x2.2 GHz Cortex-A75 & 6x2.0 GHz Cortex-A55),PowerVR GM9446,microSDXC,128GB 8GB RAM,"48 MP, f/1.7, 26mm (wide), 1/2.0"", 0.8µm, PDAF","LED flash, HDR, panorama","4K@30fps, 1080p@30/120fps; gyro-EIS","32 MP, f/2.4, 24mm (wide)",HDR,1080p@30fps,"Wi-Fi 802.11 a/b/g/n/ac, dual-band, Wi-Fi Direct","5.1, A2DP, LE, aptX HD","GPS, GLONASS, GALILEO, BDS, QZSS",No,Unspecified,"USB Type-C 2.0, OTG","Fingerprint (under display, optical), accelerometer, gyro, proximity, compass","Li-Po 4310 mAh, non-removable","Fluid Black, Fantastic Purple",CPH2203,
https://www.gsmarena.com/oppo_reno5_f-10763.php,https://fdn2.gsmarena.com/vv/bigpic/oppo-reno5-f-cph2217.jpg,Oppo Reno5 F,"Released 2021, March 17","172g, 7.8mm thickness","Android 11, ColorOS 11.1","128GB storage, microSDXC","6.43""",1080x2400 pixels,8 GB RAM,4310 mAh Li-Po,GSM 850 / 900 / 1800 / 1900 - SIM 1 & SIM 2,HSDPA 850 / 900 / 2100,"1, 3, 5, 7, 8, 20, 28, 38, 40, 41","HSPA, LTE-A","2021, March 17","Available. Released 2021, March 17",160.1 x 73.2 x 7.8 mm (6.30 x 2.88 x 0.31 in),172 g (6.07 oz),"Dual SIM (Nano-SIM, dual stand-by)","AMOLED, 430 nits (typ), 800 nits (peak)","6.43 inches, 99.8 cm(~85.2% screen-to-body ratio)","1080 x 2400 pixels, 20:9 ratio (~409 ppi density)","Android 11, ColorOS 11.1",Mediatek MT6779V Helio P95 (12 nm),Octa-core (2x2.2 GHz Cortex-A75 & 6x2.0 GHz Cortex-A55),PowerVR GM9446,microSDXC,128GB 8GB RAM,"48 MP, f/1.7, 26mm (wide), 1/2.0"", 0.8µm, PDAF","LED flash, HDR, panorama","4K@30fps, 1080p@30/120fps; gyro-EIS","32 MP, f/2.4, 24mm (wide)",HDR,1080p@30fps,"Wi-Fi 802.11 a/b/g/n/ac, dual-band, Wi-Fi Direct","5.1, A2DP, LE, aptX HD","GPS, GLONASS, GALILEO, BDS, QZSS",No,Unspecified,"USB Type-C 2.0, OTG","Fingerprint (under display, optical), accelerometer, gyro, proximity, compass","Li-Po 4310 mAh, non-removable","Fluid Black, Fantastic Purple",CPH2217,About 250 EUR
https://www.gsmarena.com/oppo_reno5_k-10750.php,https://fdn2.gsmarena.com/vv/bigpic/oppo-reno-5k.jpg,Oppo Reno5 K,"Released 2021, March 05","172g or 180g, 7.9mm thickness","Android 11, ColorOS 11.1","128GB/256GB storage, no card slot","6.43""",1080x2400 pixels,8/12 GB RAM,4300 mAh Li-Po,GSM 850 / 900 / 1800 / 1900 - SIM 1 & SIM 2,HSDPA 800 / 850 / 900 / 1700(AWS) / 1900 / 2100,"1, 2, 3, 4, 5, 8, 34, 38, 39, 40, 41","1, 3, 41, 77, 78 SA/NSA","HSPA, LTE-A, 5G","2021, February 25","Available. Released 2021, March 05",159.1 x 73.4 x 7.9 mm (6.26 x 2.89 x 0.31 in),172 g or 180 g (6.07 oz),"Glass front (Gorilla Glass 5), glass back, aluminum frame","Dual SIM (Nano-SIM, dual stand-by)","OLED, 90Hz, 600 nits (typ), 750 nits (peak)","6.43 inches, 99.8 cm(~85.5% screen-to-body ratio)","1080 x 2400 pixels, 20:9 ratio (~409 ppi density)",Corning Gorilla Glass 5,"Android 11, ColorOS 11.1",Qualcomm SM7225 Snapdragon 750G 5G (8 nm),Octa-core (2x2.2 GHz Kryo 570 & 6x1.8 GHz Kryo 570),Adreno 619,No,"128GB 8GB RAM, 256GB 12GB RAM",UFS 2.1,"64 MP, f/1.7, (wide), 1/1.73"", 0.8µm, PDAF","LED flash, HDR, panorama","4K@30fps, 1080p@30/60/120fps; gyro-EIS","32 MP, f/2.4, 24mm (wide), 1/2.8"", 0.8µm",HDR,"1080p@30fps, gyro-EIS","Wi-Fi 802.11 a/b/g/n/ac, dual-band, Wi-Fi Direct","5.1, A2DP, LE, aptX HD","GPS (L1+L5), GLONASS (G1), BDS (B1I+B2a), GALILEO (E1+E5a), QZSS (L1+L5)",No,No,"USB Type-C 2.0, OTG","Fingerprint (under display, optical), accelerometer, gyro, proximity, compass","Li-Po 4300 mAh, non-removable","Moonlight Black, Starry Dream, Blue Breeze",PEGM10,About 370 EUR
https://www.gsmarena.com/oppo_a55_5g-10703.php,https://fdn2.gsmarena.com/vv/bigpic/oppo-a55-5g.jpg,Oppo A55 5G,"Released 2021, January 25","186g, 8.4mm thickness","Android 11, ColorOS 11.1","128GB storage, microSDXC","6.5""",720x1600 pixels,4-8 GB RAM,5000 mAh Li-Po,GSM 850 / 900 / 1800 / 1900 - SIM 1 & SIM 2,HSDPA 800 / 850 / 900 / 1700(AWS) / 1900 / 2100,"1, 3, 5, 8, 34, 38, 39, 40, 41","1, 28, 41, 77, 78","HSPA, LTE-A","2021, January 25","Available. Released 2021, January 25",163.9 x 75.7 x 8.4 mm (6.45 x 2.98 x 0.33 in),186 g (6.56 oz),"Dual SIM (Nano-SIM, dual stand-by)","IPS LCD, 480 nits (peak)","6.5 inches, 102.0 cm(~82.2% screen-to-body ratio)","720 x 1600 pixels, 20:9 ratio (~270 ppi density)","Android 11, ColorOS 11.1",Mediatek MT6833 Dimensity 700 (7 nm),Octa-core (2x2.2 GHz Cortex-A76 & 6x2.0 GHz Cortex-A55),Mali-G57 MC2,microSDXC,"128GB 4GB RAM, 128GB 6GB RAM, 128GB 8GB RAM","13 MP, f/2.2, 25mm (wide), 1/3.06"", 1.12µm, PDAF","LED flash, HDR, panorama",1080p@30fps,"8 MP, f/2.0, (wide)",HDR,1080p@30fps,"Wi-Fi 802.11 a/b/g/n/ac, dual-band, Wi-Fi Direct","5.1, A2DP, LE, aptX HD","GPS, GLONASS, GALILEO, BDS, QZSS",No,No,"USB Type-C 2.0, OTG","Fingerprint (side-mounted), accelerometer, gyro, proximity, compass","Li-Po 5000 mAh, non-removable","Black, Blue, Gold","PEMM00, PEMM20, PEMT00, PEMT20",About 200 EUR
https://www.gsmarena.com/oppo_a93s_5g-10993.php,https://fdn2.gsmarena.com/vv/bigpic/oppo-a93s-5g.jpg,Oppo A93s 5G,"Released 2021, July 30","188g, 8.4mm thickness","Android 11, ColorOS 11.1","128GB/256GB storage, microSDXC","6.5""",1080x2400 pixels,8 GB RAM,5000 mAh Li-Po,GSM 850 / 900 / 1800 / 1900 - SIM 1 & SIM 2,HSDPA 800 / 850 / 900 / 1900 / 2100,"1, 2, 3, 5, 7, 8, 28, 34, 38, 39, 40, 41","1, 28, 41, 77, 78 SA/NSA","HSPA, LTE-A, 5G","2021, July 26","Available. Released 2021, July 30",162.9 x 74.7 x 8.4 mm (6.41 x 2.94 x 0.33 in),188 g (6.63 oz),"Dual SIM (Nano-SIM, dual stand-by)","IPS LCD, 90Hz, 480 nits (typ), 600 nits (peak)","6.5 inches, 102.0 cm(~83.8% screen-to-body ratio)","1080 x 2400 pixels, 20:9 ratio (~405 ppi density)","Android 11, ColorOS 11.1",Mediatek MT6833 Dimensity 700 (7 nm),Octa-core (2x2.2 GHz Cortex-A76 & 6x2.0 GHz Cortex-A55),Mali-G57 MC2,microSDXC,"128GB 8GB RAM, 256GB 8GB RAM","48 MP, f/1.7, 26mm (wide), 1/2.0"", 0.8µm, PDAF","LED flash, HDR, panorama","1080p@30fps, gyro-EIS","8 MP, f/2.0, (wide)",HDR,1080p@30fps,"Wi-Fi 802.11 a/b/g/n/ac, dual-band, Wi-Fi Direct","5.1, A2DP, LE, aptX HD","GPS, GLONASS, GALILEO, BDS",No,No,"USB Type-C 2.0, OTG","Fingerprint (side-mounted), accelerometer, gyro, proximity, compass","Li-Po 5000 mAh, non-removable","Black, Blue, White",PFGM00,About 260 EUR
https://www.gsmarena.com/oppo_a93_5g-10683.php,https://fdn2.gsmarena.com/vv/bigpic/oppo-a93-5g.jpg,Oppo A93 5G,"Released 2021, January 20","188g, 8.4mm thickness","Android 11, ColorOS 11.1","128GB/256GB storage, microSDXC","6.5""",1080x2400 pixels,8 GB RAM,5000 mAh Li-Po,GSM 850 / 900 / 1800 / 1900 - SIM 1 & SIM 2,HSDPA 850 / 900 / 1900 / 2100,"1, 3, 5, 8, 34, 38, 39, 40, 41","1, 28, 41, 77, 78 SA/NSA","HSPA, LTE-A, 5G","2021, January 14","Available. Released 2021, January 20",162.9 x 74.7 x 8.4 mm (6.41 x 2.94 x 0.33 in),188 g (6.63 oz),"Dual SIM (Nano-SIM, dual stand-by)","IPS LCD, 90Hz, 480 nits (typ)","6.5 inches, 102.0 cm(~83.8% screen-to-body ratio)","1080 x 2400 pixels, 20:9 ratio (~405 ppi density)","Android 11, ColorOS 11.1",Qualcomm SM4350 Snapdragon 480 5G (8 nm),Octa-core (2x2.0 GHz Kryo 460 & 6x1.8 GHz Kryo 460),Adreno 619,microSDXC,"128GB 8GB RAM, 256GB 8GB RAM",UFS,"48 MP, f/1.8, 26mm (wide), 1/2.0"", 0.8µm, PDAF","LED flash, HDR, panorama","1080p@30fps, gyro-EIS","8 MP, f/2.0, (wide)",HDR,1080p@30fps,"Wi-Fi 802.11 a/b/g/n/ac, dual-band, Wi-Fi Direct","5.1, A2DP, LE, aptX HD","GPS, GLONASS, GALILEO, BDS, QZSS",Yes,No,"USB Type-C 2.0, OTG","Fingerprint (side-mounted), accelerometer, proximity, compass","Li-Po 5000 mAh, non-removable","Black, White, Aurora","PCGM00, PEHM00",About 260 EUR
https://www.gsmarena.com/oppo_a15s-10644.php,https://fdn2.gsmarena.com/vv/bigpic/oppo-a15s.jpg,Oppo A15s,"Released 2020, December 18","177g, 7.9mm thickness","Android 10, ColorOS 7.2","64GB/128GB storage, microSDXC","6.52""",720x1600 pixels,4 GB RAM,4230 mAh Li-Po,GSM 850 / 900 / 1800 / 1900 - SIM 1 & SIM 2,HSDPA 850 / 900 / 2100,"1, 3, 5, 8, 38, 40, 41","HSPA, LTE-A","2020, December 18","Available. Released 2020, December 18",164 x 75.4 x 7.9 mm (6.46 x 2.97 x 0.31 in),177 g (6.24 oz),"Glass front, plastic back, plastic frame","Dual SIM (Nano-SIM, dual stand-by)","IPS LCD, 480 nits (typ)","6.52 inches, 102.6 cm(~83.0% screen-to-body ratio)","720 x 1600 pixels, 20:9 ratio (~269 ppi density)","Android 10, ColorOS 7.2",Mediatek MT6765 Helio P35 (12nm),Octa-core (4x2.35 GHz Cortex-A53 & 4x1.8 GHz Cortex-A53),PowerVR GE8320,microSDXC,"64GB 4GB RAM, 128GB 4GB RAM",eMMC 5.1,"13 MP, f/2.2, (wide), 1/3.1"", 1.12µm, PDAF","LED flash, HDR, panorama",1080p@30fps,"8 MP, f/2.0, (wide)",HDR,1080p@30fps,"Wi-Fi 802.11 b/g/n, Wi-Fi Direct","5.0, A2DP, LE, aptX","GPS, GLONASS, GALILEO, BDS",No,FM radio,"microUSB 2.0, OTG","Fingerprint (rear-mounted), accelerometer, proximity","Li-Po 4230 mAh, non-removable","Dynamic Black, Fancy White",CPH2179,
https://www.gsmarena.com/oppo_reno5_4g-10654.php,https://fdn2.gsmarena.com/vv/bigpic/oppo-reno-5-4g.jpg,Oppo Reno5 4G,"Released 2021, January 09","171g, 7.7mm thickness","Android 11, up to Android 12, ColorOS 12","128GB storage, microSDXC","6.4""",1080x2400 pixels,8 GB RAM,4310 mAh Li-Po,GSM 850 / 900 / 1800 / 1900 - SIM 1 & SIM 2,HSDPA 850 / 900 / 2100,"1, 3, 5, 7, 8, 38, 40, 41","HSPA, LTE-A","2020, December 31","Available. Released 2021, January 09",159.1 x 73.3 x 7.7 mm (6.26 x 2.89 x 0.30 in),171 g (6.03 oz),"Dual SIM (Nano-SIM, dual stand-by)","AMOLED, 90Hz, 430 nits (typ), 600 nits (peak)","6.4 inches, 98.9 cm(~84.8% screen-to-body ratio)","1080 x 2400 pixels, 20:9 ratio (~411 ppi density)",Corning Gorilla Glass 3,"Android 11, upgradable to Android 12, ColorOS 12",Qualcomm SM7125 Snapdragon 720G (8 nm),Octa-core (2x2.3 GHz Kryo 465 Gold & 6x1.8 GHz Kryo 465 Silver),Adreno 618,microSDXC (dedicated slot),128GB 8GB RAM,"64 MP, f/1.7, 26mm (wide), 1/1.73"", 0.8µm, PDAF","LED flash, HDR, panorama","4K@30fps, 1080p@30/60/120/480fps, 720p@960fps; gyro-EIS, HDR","44 MP, f/2.4, 24mm (wide)",HDR,"1080p@30/120fps, 720p@240fps, gyro-EIS","Wi-Fi 802.11 a/b/g/n/ac, dual-band, Wi-Fi Direct","5.1, A2DP, LE, aptX HD","GPS, GLONASS, GALILEO, QZSS, BDS",Yes (market/region dependent),Unspecified,"USB Type-C 2.0, OTG","Fingerprint (under display, optical), accelerometer, gyro, proximity, compass","Li-Po 4310 mAh, non-removable","Galactic Silver (Fantasy Silver), Starlight Black (Starry Black)",CPH2159,About 310 EUR
https://www.gsmarena.com/oppo_reno5_pro+_5g-10632.php,https://fdn2.gsmarena.com/vv/bigpic/oppo-reno5-pro-plus-5g.jpg,Oppo Reno5 Pro+ 5G,"Released 2021, January 05","184g, 8mm thickness","Android 11, ColorOS 11.1","128GB/256GB storage, no card slot","6.55""",1080x2400 pixels,8/12 GB RAM,4500 mAh Li-Po,GSM 850 / 900 / 1800 / 1900 - SIM 1 & SIM 2,HSDPA 800 / 850 / 900 / 1700(AWS) / 1900 / 2100,"1, 2, 3, 4, 5, 7, 8, 12, 17, 18, 19, 26, 34, 38, 39, 40, 41","1, 3, 28, 41, 77, 78, 79 SA/NSA","HSPA, LTE-A (CA), 5G","2020, December 24","Available. Released 2021, January 05",159.9 x 72.5 x 8 mm (6.30 x 2.85 x 0.31 in),184 g (6.49 oz),"Glass front (Gorilla Glass 5), glass back (Gorilla Glass 5), aluminum frame","Dual SIM (Nano-SIM, dual stand-by)","AMOLED, 90Hz, HDR10+, 500 nits (typ), 800 nits (HDR), 1100 nits (peak)","6.55 inches, 103.6 cm(~89.3% screen-to-body ratio)","1080 x 2400 pixels, 20:9 ratio (~402 ppi density)",Corning Gorilla Glass 5,"Android 11, ColorOS 11.1",Qualcomm SM8250 Snapdragon 865 5G (7 nm+),Octa-core (1x2.84 GHz Cortex-A77 & 3x2.42 GHz Cortex-A77 & 4x1.80 GHz Cortex-A55),Adreno 650,No,"128GB 8GB RAM, 256GB 12GB RAM",UFS 3.1,"50 MP, f/1.8, 24mm (wide), 1/1.56"", 1.0µm, multi-directional PDAF, OIS","Dual LED flash, HDR, panorama","4K@30/60fps, 1080p@30/60/240fps; gyro-EIS, HDR","32 MP, f/2.4, 26mm (wide), 1/2.8"", 0.8µm",Panorama,"1080p@30fps, gyro-EIS","Wi-Fi 802.11 a/b/g/n/ac/6, dual-band, Wi-Fi Direct","5.2, A2DP, LE, aptX HD","GPS (L1+L5), GLONASS (G1), BDS (B1I+B2a), GALILEO (E1+E5a), QZSS (L1+L5)",Yes,No,"USB Type-C 2.0, OTG","Fingerprint (under display, optical), accelerometer, gyro, proximity, compass, color spectrum","Li-Po 4500 mAh, non-removable","Galactic Silver, Starlight Black","PDRM00, PDRT00",About 500 EUR
https://www.gsmarena.com/oppo_a53_5g-10608.php,https://fdn2.gsmarena.com/vv/bigpic/oppo-a53-5g.jpg,Oppo A53 5G,"Released 2020, December 21","175g, 7.9mm thickness","Android 10, ColorOS 7.2","128GB storage, no card slot","6.5""",1080x2400 pixels,4-8 GB RAM,4040 mAh Li-Po,GSM 850 / 900 / 1800 / 1900 - SIM 1 & SIM 2,HSDPA 850 / 900 / 1700(AWS) / 1900 / 2100,"1, 2, 3, 4, 5, 7, 8, 34, 38, 39, 40, 41","1, 41, 77, 78 SA/NSA","HSPA, LTE-A (CA)","2020, December 18","Available. Released 2020, December 21",162.2 x 75 x 7.9 mm (6.39 x 2.95 x 0.31 in),175 g (6.17 oz),"Dual SIM (Nano-SIM, dual stand-by)","IPS LCD, 90Hz, 480 nits (typ)","6.5 inches, 102.0 cm(~83.9% screen-to-body ratio)","1080 x 2400 pixels, 20:9 ratio (~405 ppi density)","Android 10, ColorOS 7.2",Mediatek MT6853V Dimensity 720 (7 nm),Octa-core (2x2.0 GHz Cortex-A76 & 6x2.0 GHz Cortex-A55),Mali-G57 MC3,No,"128GB 4GB RAM, 128GB 6GB RAM, 128GB 8GB RAM",UFS 2.1,"16 MP, f/2.2, (wide), PDAF","LED flash, HDR, panorama","4K@30fps, 1080p@30/120fps, gyro-EIS","8 MP, f/2.0, (wide)",HDR,1080p@30fps,"Wi-Fi 802.11 a/b/g/n/ac, dual-band, Wi-Fi Direct","5.1, A2DP, LE, aptX HD","GPS, GLONASS, GALILEO, BDS",No,FM radio,"USB Type-C 2.0, OTG","Fingerprint (side-mounted), accelerometer, gyro, proximity, compass","Li-Po 4040 mAh, non-removable","Black, Green, Purple","PECM30, PECT30",About 160 EUR
https://www.gsmarena.com/oppo_reno5_pro_5g-10606.php,https://fdn2.gsmarena.com/vv/bigpic/oppo-reno5-pro-5g-.jpg,Oppo Reno5 Pro 5G,"Released 2021, January 05","173g, 7.6mm thickness","Android 11, up to Android 12, ColorOS 12","128GB/256GB storage, no card slot","6.55""",1080x2400 pixels,8/12 GB RAM,4350 mAh Li-Po,GSM 850 / 900 / 1800 / 1900 - SIM 1 & SIM 2,HSDPA 800 / 850 / 900 / 1700(AWS) / 1900 / 2100,"1, 2, 3, 4, 5, 7, 8, 12, 17, 18, 19, 20, 26, 28, 38, 39, 40, 41, 66 - International","1, 3, 7, 28, 38, 40, 41, 77, 78 SA/NSA - International","HSPA, LTE-A (CA), 5G","2020, December 10","Available. Released 2021, January 05",159.7 x 73.2 x 7.6 mm (6.29 x 2.88 x 0.30 in),173 g (6.10 oz),"Glass front (Gorilla Glass 5), glass back (Gorilla Glass 5), aluminum frame","Dual SIM (Nano-SIM, dual stand-by)","Super AMOLED, 90Hz, HDR10+, 500 nits (typ), 800 nits (HDR), 1100 nits (peak)","6.55 inches, 103.6 cm(~88.6% screen-to-body ratio)","1080 x 2400 pixels, 20:9 ratio (~402 ppi density)",Corning Gorilla Glass 5,"Android 11, upgradable to Android 12, ColorOS 12",Mediatek MT6889Z Dimensity 1000+ (7nm),Octa-core (4x2.6 GHz Cortex-A77 & 4x2.0 GHz Cortex-A55),Mali-G77 MC9,No,"128GB 8GB RAM, 256GB 12GB RAM",UFS 2.1,"64 MP, f/1.7, 26mm (wide), PDAF","LED flash, HDR, panorama","4K@30fps, 1080p@30/60/120fps; gyro-EIS, HDR","32 MP, f/2.4, 26mm (wide), 1/2.8"", 0.8µm",HDR,"1080p@30fps, gyro-EIS","Wi-Fi 802.11 a/b/g/n/ac/6, dual-band, Wi-Fi Direct","5.1, A2DP, LE, aptX HD","GPS (L1+L5), GLONASS (G1), BDS (B1I+B2a), GALILEO (E1+E5a), QZSS (L1+L5)",Yes (market/region dependent),Unspecified,"USB Type-C 2.0, OTG","Fingerprint (under display, optical), accelerometer, gyro, proximity, compass","Li-Po 4350 mAh, non-removable","Astral Blue, Starry Black, Starry Dream, Star Wish Red","PDSM00, PDST00, CPH2201",About 410 EUR
https://www.gsmarena.com/oppo_reno5_5g-10589.php,https://fdn2.gsmarena.com/vv/bigpic/oppo-reno5-5g.jpg,Oppo Reno5 5G,"Released 2021, January 07","172g or 180g, 7.9mm thickness","Android 11, up to Android 12, ColorOS 12","128GB/256GB storage, no card slot","6.43""",1080x2400 pixels,8/12 GB RAM,4300 mAh Li-Po,GSM 850 / 900 / 1800 / 1900 - SIM 1 & SIM 2,HSDPA 800 / 850 / 900 / 1700(AWS) / 1900 / 2100,"1, 2, 3, 4, 5, 7, 8, 12, 17, 18, 19, 20, 26, 28, 38, 39, 40, 41, 66 - International","1, 3, 5, 7, 8, 20, 28, 38, 40, 41, 77, 78 SA/NSA - International","HSPA, LTE-A (CA), 5G","2020, December 10","Available. Released 2021, January 07",159.1 x 73.4 x 7.9 mm (6.26 x 2.89 x 0.31 in),172 g or 180 g (6.07 oz),"Dual SIM (Nano-SIM, dual stand-by)","AMOLED, 90Hz, 430 nits (typ), 600 nits (HDR), 750 nits (peak)","6.43 inches, 99.8 cm(~85.5% screen-to-body ratio)","1080 x 2400 pixels, 20:9 ratio (~409 ppi density)",Corning Gorilla Glass 5,"Android 11, upgradable to Android 12, ColorOS 12",Qualcomm SM7250 Snapdragon 765G 5G (7 nm),Octa-core (1x2.4 GHz Kryo 475 Prime & 1x2.2 GHz Kryo 475 Gold & 6x1.8 GHz Kryo 475 Silver),Adreno 620,No,"128GB 8GB RAM, 256GB 12GB RAM",UFS 2.1,"64 MP, f/1.7, 26mm (wide), PDAF","LED flash, HDR, panorama","4K@30fps, 1080p@30/60/120fps; gyro-EIS, HDR","32 MP, f/2.4, 26mm (wide), 1/2.8"", 0.8µm",HDR,"1080p@30fps, gyro-EIS","Wi-Fi 802.11 a/b/g/n/ac, dual-band, Wi-Fi Direct","5.1, A2DP, LE, aptX HD","GPS (L1+L5), GLONASS (G1), BDS (B1I+B2a), GALILEO (E1+E5a), QZSS (L1+L5)",Yes (market/region dependent),No,"USB Type-C 2.0, OTG","Fingerprint (under display, optical), accelerometer, gyro, proximity, compass","Li-Po 4300 mAh, non-removable","Galactic Silver, Azure Blue, Starry Black","PEGM00, PEGT00, CPH2145",,AnTuTu: 317762(v8),
https://www.gsmarena.com/oppo_a73_5g-10499.php,https://fdn2.gsmarena.com/vv/bigpic/oppo-a73-5g-.jpg,Oppo A73 5G,"Released 2020, November 4","177g, 7.9mm thickness","Android 10, up to Android 12, ColorOS 12","128GB storage, microSDXC","6.5""",1080x2400 pixels,8 GB RAM,4040 mAh Li-Po,GSM 850 / 900 / 1800 / 1900 - SIM 1 & SIM 2,HSDPA 800 / 850 / 900 / 1700(AWS) / 1900 / 2100,"1, 2, 3, 4, 5, 7, 8, 12, 17, 18, 19, 20, 26, 28, 38, 39, 40, 41, 66","1, 3, 5, 7, 8, 20, 28, 38, 40, 41, 77, 78 SA/NSA","HSPA, LTE-A","2020, November 4","Available. Released 2020, November 4",162.2 x 75 x 7.9 mm (6.39 x 2.95 x 0.31 in),177 g (6.24 oz),"Dual SIM (Nano-SIM, dual stand-by)","IPS LCD, 90Hz, 480 nits (typ)","6.5 inches, 102.0 cm(~83.9% screen-to-body ratio)","1080 x 2400 pixels, 20:9 ratio (~405 ppi density)","Android 10, upgradable to Android 12, ColorOS 12",Mediatek MT6853V Dimensity 720 (7 nm),Octa-core (2x2.0 GHz Cortex-A76 & 6x2.0 GHz Cortex-A55),Mali-G57 MC3,microSDXC (dedicated slot),128GB 8GB RAM,UFS 2.1,"16 MP, f/2.2, 26mm (wide), 1/3.06"", PDAF","LED flash, HDR, panorama","1080p@30fps, gyro-EIS","8 MP, f/2.0, 26mm (wide)",HDR,1080p@30fps,"Wi-Fi 802.11 a/b/g/n/ac, dual-band, Wi-Fi Direct","5.1, A2DP, aptX HD, LE","GPS, GLONASS, GALILEO, BDS",Unspecified,"USB Type-C 2.0, OTG","Fingerprint (side-mounted), accelerometer, proximity","Li-Po 4040 mAh, non-removable","Navy Black, Neon",CPH2161,About 240 EUR
https://www.gsmarena.com/oppo_reno4_f-10478.php,https://fdn2.gsmarena.com/vv/bigpic/oppo-reno-4f.jpg,Oppo Reno4 F,"Released 2020, October 16","164g, 7.5mm thickness","Android 10, ColorOS 7.2","128GB storage, microSDXC","6.43""",1080x2400 pixels,8 GB RAM,4000 mAh Li-Po,GSM 850 / 900 / 1800 / 1900 - SIM 1 & SIM 2,HSDPA 850 / 900 / 2100,"1, 3, 5, 7, 8, 38, 40, 41","HSPA, LTE-A","2020, October 10","Available. Released 2020, October 16",160.1 x 73.8 x 7.5 mm (6.30 x 2.91 x 0.30 in),164 g (5.78 oz),"Glass front, plastic back","Dual SIM (Nano-SIM, dual stand-by)","Super AMOLED, 430 nits (typ), 800 nits (peak)","6.43 inches, 99.8 cm(~84.5% screen-to-body ratio)","1080 x 2400 pixels, 20:9 ratio (~409 ppi density)","Android 10, ColorOS 7.2",Mediatek MT6779V Helio P95 (12 nm),Octa-core (2x2.2 GHz Cortex-A75 & 6x2.0 GHz Cortex-A55),PowerVR GM9446,microSDXC (dedicated slot),128GB 8GB RAM,UFS 2.1,"48 MP, f/1.7, 26mm (wide), 1/2.0"", 0.8µm, PDAF","LED flash, HDR, panorama","4K@30fps, 1080p@30/120fps, gyro-EIS","16 MP, f/2.4, (wide), 1/3.09"", 1.0µm",HDR,1080p@30fps,"Wi-Fi 802.11 a/b/g/n/ac, dual-band, Wi-Fi Direct","5.1, A2DP, LE, aptX HD","GPS, GLONASS, GALILEO, BDS, QZSS",No,FM radio,"USB Type-C 2.0, OTG","Fingerprint (under display, optical), accelerometer, gyro, proximity, compass","Li-Po 4000 mAh, non-removable","Matte Black, Metallic White",SPH2209,About 250 EUR
https://www.gsmarena.com/oppo_a15-10497.php,https://fdn2.gsmarena.com/vv/bigpic/oppo-a15.jpg,Oppo A15,"Released 2020, October 27","175g, 7.9mm thickness","Android 10, ColorOS 7.2","32GB storage, microSDXC","6.52""",720x1600 pixels,2/3 GB RAM,4230 mAh Li-Po,GSM 850 / 900 / 1800 / 1900 - SIM 1 & SIM 2,HSDPA 850 / 900 / 2100,"1, 3, 5, 8, 38, 40, 41","HSPA, LTE-A","2020, October 15","Available. Released 2020, October 27",164 x 75.4 x 7.9 mm (6.46 x 2.97 x 0.31 in),175 g (6.17 oz),"Glass front, plastic back, plastic frame","Dual SIM (Nano-SIM, dual stand-by)","IPS LCD, 480 nits (typ)","6.52 inches, 102.6 cm(~83.0% screen-to-body ratio)","720 x 1600 pixels, 20:9 ratio (~269 ppi density)","Android 10, ColorOS 7.2",Mediatek MT6765 Helio P35 (12nm),Octa-core (4x2.35 GHz Cortex-A53 & 4x1.8 GHz Cortex-A53),PowerVR GE8320,microSDXC,"32GB 2GB RAM, 32GB 3GB RAM",eMMC 5.1,"13 MP, f/2.2, (wide), 1/3.1"", 1.12µm, PDAF","LED flash, HDR, panorama",1080p@30fps,"5 MP, f/2.4, (wide)",HDR,,"Wi-Fi 802.11 b/g/n, Wi-Fi Direct","5.0, A2DP, LE, aptX","GPS, GLONASS, BDS",No,FM radio,"microUSB 2.0, OTG","Fingerprint (rear-mounted), accelerometer, proximity","Li-Po 4230 mAh, non-removable","Dynamic Black, Mystery Blue",CPH2185,
https://www.gsmarena.com/oppo_a53s-10502.php,https://fdn2.gsmarena.com/vv/bigpic/oppo-a53-2020.jpg,Oppo A53s,"Released 2020, October 17","186g, 8.4mm thickness","Android 10, ColorOS 7.2","128GB/64GB storage, microSDXC","6.5""",720x1600 pixels,4 GB RAM,5000 mAh Li-Po,GSM 850 / 900 / 1800 / 1900 - SIM 1 & SIM 2,"HSDPA 800 / 850 / 900 / 1700(AWS) / 1900 / 2100 - Version 1, Version 3","1, 2, 3, 4, 5, 7, 8, 12, 17, 18, 19, 20, 20, 26, 28, 38, 39, 40, 41, 66 - Version 1","HSPA, LTE-A","2020, October 12","Available. Released 2020, October 17",163.9 x 75.1 x 8.4 mm (6.45 x 2.96 x 0.33 in),186 g (6.56 oz),"Dual SIM (Nano-SIM, dual stand-by)","IPS LCD, 90Hz, 480 nits (typ)","6.5 inches, 102.0 cm(~82.9% screen-to-body ratio)","720 x 1600 pixels, 20:9 ratio (~270 ppi density)",Corning Gorilla Glass 3,"Android 10, ColorOS 7.2",Qualcomm SM4250 Snapdragon 460 (11 nm),Octa-core (4x1.8 GHz Kryo 240 & 4x1.6 GHz Kryo 240),Adreno 610,microSDXC (dedicated slot),"64GB 4GB RAM, 128GB 4GB RAM",UFS 2.1 (single lane),"13 MP, f/2.2, 25mm (wide), 1/3.06"", 1.12µm, PDAF","LED flash, HDR, panorama",1080p@30fps,"8 MP, f/2.0, (wide)",HDR,1080p@30fps,"Wi-Fi 802.11 a/b/g/n/ac, dual-band, Wi-Fi Direct","5.0, A2DP, LE, aptX HD","GPS, GLONASS, GALILEO, BDS",Yes (market/region dependent),FM radio,"USB Type-C 2.0, OTG","Fingerprint (rear-mounted), accelerometer, proximity, compass","Li-Po 5000 mAh, non-removable","Electric Black, Fancy Blue","CPH2139, CPH2135",0.77 W/kg (head)     0.97 W/kg (body),
https://www.gsmarena.com/oppo_a73-10489.php,https://fdn2.gsmarena.com/vv/bigpic/oppo-a73.jpg,Oppo A73,"Released 2020, November 20","163g, 7.5mm thickness","Android 10, ColorOS 7.2","128GB storage, microSDXC","6.44""",1080x2400 pixels,4/6 GB RAM,4015 mAh Li-Po,GSM 850 / 900 / 1800 / 1900 - SIM 1 & SIM 2,HSDPA 850 / 900 / 2100,"1, 3, 5, 7, 8, 20, 28, 38, 40, 41","HSPA, LTE-A","2020, October 05","Available. Released 2020, November 20",159.8 x 72.9 x 7.5 mm (6.29 x 2.87 x 0.30 in),163 g (5.75 oz),"Dual SIM (Nano-SIM, dual stand-by)","AMOLED, 430 nits (typ), 600 nits (peak)","6.44 inches, 100.1 cm(~86.0% screen-to-body ratio)","1080 x 2400 pixels, 20:9 ratio (~409 ppi density)",Corning Gorilla Glass 3,"Android 10, ColorOS 7.2",Qualcomm SM6115 Snapdragon 662 (11 nm),Octa-core (4x2.0 GHz Kryo 260 Gold & 4x1.8 GHz Kryo 260 Silver),Adreno 610,microSDXC (dedicated slot),"128GB 4GB RAM, 128GB 6GB RAM",UFS 2.1 (single lane),"16 MP, f/2.2, (wide), 1/3.06"", PDAF","LED flash, HDR, panorama","1080p@30fps, gyro-EIS","16 MP, f/2.0, 26mm (wide), 1/3.1"", 1.0µm",HDR,1080p@30fps,"Wi-Fi 802.11 a/b/g/n/ac, dual-band, Wi-Fi Direct","5.0, A2DP, LE, aptX","GPS, GLONASS, GALILEO, BDS",Yes (market/region dependent),FM radio,"USB Type-C 2.0, OTG","Fingerprint (under display, optical), accelerometer, gyro, proximity, compass","Li-Po 4015 mAh, non-removable","Navy Blue, Classic Silver",CPH2099
https://www.gsmarena.com/oppo_a93-10431.php,https://fdn2.gsmarena.com/vv/bigpic/oppo-a93-.jpg,Oppo A93,"Released 2020, October 01","164g, 7.5mm thickness","Android 10, ColorOS 7.2","128GB storage, microSDXC","6.43""",1080x2400 pixels,8 GB RAM,4000 mAh Li-Po,GSM 850 / 900 / 1800 / 1900 - SIM 1 & SIM 2,HSDPA 850 / 900 / 2100,"1, 3, 5, 7, 8, 38, 40, 41","HSPA, LTE-A","2020, October 01","Available. Released 2020, October 01",160.1 x 73.8 x 7.5 mm (6.30 x 2.91 x 0.30 in),164 g (5.78 oz),"Glass front, plastic back","Dual SIM (Nano-SIM, dual stand-by)","Super AMOLED, 430 nits (typ), 800 nits (peak)","6.43 inches, 99.8 cm(~84.5% screen-to-body ratio)","1080 x 2400 pixels, 20:9 ratio (~409 ppi density)","Android 10, ColorOS 7.2",Mediatek MT6779V Helio P95 (12 nm),Octa-core (2x2.2 GHz Cortex-A75 & 6x2.0 GHz Cortex-A55),PowerVR GM9446,microSDXC (dedicated slot),128GB 8GB RAM,UFS 2.1,"48 MP, f/1.7, 26mm (wide), 1/2.0"", 0.8µm, PDAF","LED flash, HDR, panorama","4K@30fps, 1080p@30/120fps, gyro-EIS","16 MP, f/2.4, (wide), 1/3.09"", 1.0µm",HDR,1080p@30fps,"Wi-Fi 802.11 a/b/g/n/ac, dual-band, Wi-Fi Direct","5.1, A2DP, LE, aptX HD","GPS, GLONASS, GALILEO, BDS, QZSS",No,FM radio,"USB Type-C 2.0, OTG","Fingerprint (under display, optical), accelerometer, gyro, proximity, compass","Li-Po 4000 mAh, non-removable","Matte Black, Metallic White","CPH2121, CPH2123",About 280 EUR
https://www.gsmarena.com/oppo_reno4_z_5g-10375.php,https://fdn2.gsmarena.com/vv/bigpic/oppo-a92s.jpg,Oppo Reno4 Z 5G,"Released 2020, October 15","184g, 8.1mm thickness","Android 10, up to Android 11, ColorOS 11.1","128GB storage, no card slot","6.57""",1080x2400 pixels,8 GB RAM,4000 mAh Li-Po,GSM 850 / 900 / 1800 / 1900 - SIM 1 & SIM 2,HSDPA 850 / 900 / 1700(AWS) / 1900 / 2100,"1, 2, 3, 4, 5, 7, 8, 12, 17, 18, 19, 20, 26, 28, 38, 39, 40, 41, 66","1, 3, 5, 7, 8, 20, 28, 38, 40, 41, 77, 78 SA/NSA","HSPA, LTE-A, 5G 3.5 Gbps DL","2020, September 29","Available. Released 2020, October 15",163.8 x 75.5 x 8.1 mm (6.45 x 2.97 x 0.32 in),184 g (6.49 oz),"Dual SIM (Nano-SIM, dual stand-by)","IPS LCD, 120Hz, 480 nits (typ)","6.57 inches, 104.2 cm(~84.3% screen-to-body ratio)","1080 x 2400 pixels, 20:9 ratio (~401 ppi density)",Corning Gorilla Glass 3+,"Android 10, upgradable to Android 11, ColorOS 11.1",Mediatek MT6873V Dimensity 800 (7 nm),Octa-core (4x2.0 GHz Cortex-A76 & 4x2.0 GHz Cortex-A55),Mali-G57 MC4,No,128GB 8GB RAM,UFS 2.1,"48 MP, f/1.7, 26mm (wide), 1/2.0"", 0.8µm, PDAF","LED flash, HDR, panorama","4K@30fps, 1080p@30fps, gyro-EIS","16 MP, f/2.0, 26mm (wide), 1/3.06"", 1.0µm",HDR,1080p@30fps,24-bit/192kHz audio,"Wi-Fi 802.11 a/b/g/n/ac, dual-band, Wi-Fi Direct","5.1, A2DP, LE, aptX HD","GPS, GLONASS, GALILEO, BDS, QZSS",Yes,No,"USB Type-C 2.0, OTG","Fingerprint (side-mounted), accelerometer, gyro, proximity, compass","Li-Po 4000 mAh, non-removable","Ink Black, Dew White",CPH2065,About 260 EUR,AnTuTu: 295562 (v8),
https://www.gsmarena.com/oppo_reno4_lite-10465.php,https://fdn2.gsmarena.com/vv/bigpic/oppo-reno4-lite.jpg,Oppo Reno4 Lite,"Released 2020, September 28","164g, 7.4mm thickness","Android 10, ColorOS 7.2","128GB storage, microSDXC","6.43""",1080x2400 pixels,8 GB RAM,4015 mAh Li-Po,GSM 850 / 900 / 1800 / 1900 - SIM 1 & SIM 2,HSDPA 850 / 900 / 2100,"1, 3, 5, 8, 38, 40, 41","HSPA, LTE-A","2020, September 28","Available. Released 2020, September 28",160.1 x 73.7 x 7.4 mm (6.30 x 2.90 x 0.29 in),164 g (5.78 oz),"Glass front (Gorilla Glass 3), plastic back","Dual SIM (Nano-SIM, dual stand-by)","AMOLED, 430 nits (typ)","6.43 inches, 99.8 cm(~84.6% screen-to-body ratio)","1080 x 2400 pixels, 20:9 ratio (~409 ppi density)",Corning Gorilla Glass 3,"Android 10, ColorOS 7.2",Mediatek MT6779V Helio P95 (12 nm),Octa-core (2x2.2 GHz Cortex-A75 & 6x2.0 GHz Cortex-A55),PowerVR GM9446,microSDXC (dedicated slot),128GB 8GB RAM,UFS 2.1,"48 MP, f/1.7, 26mm (wide), 1/2.0"", 0.8µm, PDAF","LED flash, HDR, panorama","4K@30fps, 1080p@30/120fps, gyro-EIS","16 MP, f/2.4, (wide), 1/3"", 1.0µm",HDR,1080p@30fps,"Wi-Fi 802.11 a/b/g/n/ac, dual-band, Wi-Fi Direct","5.1, A2DP, LE, aptX HD","GPS, GLONASS, GALILEO, BDS, QZSS",Yes,FM radio,"USB Type-C 2.0, OTG","Fingerprint (under display, optical), accelerometer, gyro, proximity, compass","Li-Po 4015 mAh, non-removable","Magic Blue, Matte Black",CPH2125,1.44 W/kg (head)     1.41 W/kg (body),About 370 EUR
https://www.gsmarena.com/oppo_a33_(2020)-10474.php,https://fdn2.gsmarena.com/vv/bigpic/oppo-a32.jpg,Oppo A33 (2020),"Released 2020, October 01","186g, 8.4mm thickness","Android 10, ColorOS 7.2","32GB storage, microSDXC","6.5""",720x1600 pixels,3/4 GB RAM,5000 mAh Li-Po,GSM 850 / 900 / 1800 / 1900 - SIM 1 & SIM 2,HSDPA 850 / 900 / 2100,"1, 3, 5, 7, 8, 38, 40, 41","HSPA, LTE-A","2020, September 28","Available. Released 2020, October 01",163.9 x 75.1 x 8.4 mm (6.45 x 2.96 x 0.33 in),186 g (6.56 oz),"Dual SIM (Nano-SIM, dual stand-by)","IPS LCD, 90Hz","6.5 inches, 102.8 cm(~83.5% screen-to-body ratio)","720 x 1600 pixels, 20:9 ratio (~269 ppi density)",Corning Gorilla Glass 3,"Android 10, ColorOS 7.2",Qualcomm SM4250 Snapdragon 460 (11 nm),Octa-core (4x1.8 GHz Kryo 240 & 4x1.6 GHz Kryo 240),Adreno 610,microSDXC (dedicated slot),"32GB 3GB RAM, 32GB 4GB RAM",UFS 2.1 gear 3 (one-lane),"13 MP, f/2.2, 25mm (wide), 1/3.06"", 1.12µm, PDAF","LED flash, HDR, panorama",1080p@30fps,"8 MP, f/2.0, (wide)",HDR,1080p@30fps,"Wi-Fi 802.11 a/b/g/n/ac, dual-band, Wi-Fi Direct","5.0, A2DP, LE, aptX HD","GPS, GLONASS, GALILEO, BDS",No,No,"USB Type-C 2.0, OTG","Fingerprint (rear-mounted), accelerometer, proximity, compass","Li-Po 5000 mAh, non-removable","Moonlight Black, Mint Cream",CPH2137,About 130 EUR
https://www.gsmarena.com/oppo_reno4_se-10433.php,https://fdn2.gsmarena.com/vv/bigpic/oppo-reno4-se-.jpg,Oppo Reno4 SE,"Released 2020, September 24","169g, 7.9mm thickness","Android 10, ColorOS 7.2","128GB/256GB storage, no card slot","6.43""",1080x2400 pixels,8 GB RAM,4300 mAh Li-Po,GSM 850 / 900 / 1800 / 1900 - SIM 1 & SIM 2,HSDPA 850 / 900 / 1700(AWS) / 1900 / 2100,"1, 2, 3, 4, 5, 6, 7, 8, 19, 34, 38, 39, 40, 41","1, 3, 41, 77, 78, 79 SA/NSA","HSPA, LTE-A, 5G","2020, September 21","Available. Released 2020, September 24",160.5 x 73.9 x 7.9 mm (6.32 x 2.91 x 0.31 in),169 g (5.96 oz),"Glass front, plastic back, plastic frame","Dual SIM (Nano-SIM, dual stand-by)","AMOLED, 430 nits (typ)","6.43 inches, 99.8 cm(~84.2% screen-to-body ratio)","1080 x 2400 pixels, 20:9 ratio (~409 ppi density)","Android 10, ColorOS 7.2",Mediatek MT6853V Dimensity 720 (7 nm),Octa-core (2x2.0 GHz Cortex-A76 & 6x2.0 GHz Cortex-A55),Mali-G57 MC3,No,"128GB 8GB RAM, 256GB 8GB RAM",UFS 2.0,"48 MP, f/1.7, 26mm (wide), 1/2.0"", 0.8µm, PDAF","LED flash, HDR, panorama","4K@30fps, 1080p@30/120fps, gyro-EIS","32 MP, f/2.4, 26mm (wide), 1/2.8"", 0.8µm",HDR,"1080p@30fps, gyro-EIS",24-bit/192kHz audio,"Wi-Fi 802.11 a/b/g/n/ac, dual-band, Wi-Fi Direct","5.1, A2DP, LE, aptX HD","GPS, GLONASS, GALILEO, BDS",No,No,"USB Type-C 2.0, OTG","Fingerprint (under display, optical), accelerometer, gyro, proximity, compass","Li-Po 4300 mAh, non-removable","Black, White, Blue","PEAT00, PEAM00",About 320 EUR
https://www.gsmarena.com/oppo_f17_pro-10388.php,https://fdn2.gsmarena.com/vv/bigpic/oppo-f17-pro---.jpg,Oppo F17 Pro,"Released 2020, September 07","164g, 7.5mm thickness","Android 10, ColorOS 7.2","128GB storage, microSDXC","6.43""",1080x2400 pixels,8 GB RAM,4015 mAh Li-Po,GSM 850 / 900 / 1800 / 1900 - SIM 1 & SIM 2,HSDPA 850 / 900 / 2100,"1, 3, 5, 8, 38, 40, 41","HSPA, LTE-A","2020, September 02","Available. Released 2020, September 07",160.1 x 73.8 x 7.5 mm (6.30 x 2.91 x 0.30 in),164 g (5.78 oz),"Glass front (Gorilla Glass 3), plastic back","Dual SIM (Nano-SIM, dual stand-by)","Super AMOLED, 430 nits (typ), 800 nits (peak)","6.43 inches, 100.3 cm(~84.9% screen-to-body ratio)","1080 x 2400 pixels, 20:9 ratio (~408 ppi density)",Corning Gorilla Glass 3,"Android 10, ColorOS 7.2",Mediatek MT6779V Helio P95 (12 nm),Octa-core (2x2.2 GHz Cortex-A75 & 6x2.0 GHz Cortex-A55),PowerVR GM9446,microSDXC (dedicated slot),128GB 8GB RAM,UFS 2.1,"48 MP, f/1.8, 26mm (wide), 1/2.0"", 0.8µm, PDAF","LED flash, HDR, panorama","4K@30fps, 1080p@30/120fps, gyro-EIS","16 MP, f/2.4, (wide), 1/3.09"", 1.0µm",HDR,1080p@30fps,"Wi-Fi 802.11 a/b/g/n/ac, dual-band, Wi-Fi Direct","5.1, A2DP, LE, aptX HD","GPS, GLONASS, GALILEO, BDS, QZSS",No,FM radio,"USB Type-C 2.0, OTG","Fingerprint (under display, optical), accelerometer, gyro, proximity, compass","Li-Po 4015 mAh, non-removable","Magic Blue, Matte Black, Metallic White",CPH2119,1.44 W/kg (head)     1.41 W/kg (body),About 270 EUR
https://www.gsmarena.com/oppo_f17-10413.php,https://fdn2.gsmarena.com/vv/bigpic/oppo-f17.jpg,Oppo F17,"Released 2020, September 24","163g, 7.5mm thickness","Android 10, ColorOS 7.2","64GB/128GB storage, microSDXC","6.44""",1080x2400 pixels,4-8 GB RAM,4015 mAh Li-Po,GSM 850 / 900 / 1800 / 1900 - SIM 1 & SIM 2,HSDPA 850 / 900 / 2100,"1, 3, 5, 8, 38, 40, 41","HSPA, LTE-A","2020, September 02","Available. Released 2020, September 24",159.8 x 72.8 x 7.5 mm (6.29 x 2.87 x 0.30 in),163 g (5.75 oz),"Dual SIM (Nano-SIM, dual stand-by)",Super AMOLED,"6.44 inches, 100.1 cm(~86.1% screen-to-body ratio)","1080 x 2400 pixels, 20:9 ratio (~409 ppi density)","Android 10, ColorOS 7.2",Qualcomm SM6115 Snapdragon 662 (11 nm),Octa-core (4x2.0 GHz Kryo 260 Gold & 4x1.8 GHz Kryo 260 Silver),Adreno 610,microSDXC (dedicated slot),"64GB 4GB RAM, 128GB 4GB RAM, 128GB 6GB RAM, 128GB 8GB RAM","16 MP, f/2.2, (wide), 1/3.06"", PDAF","LED flash, HDR, panorama",1080p@30fps,"16 MP, f/2.0, 26mm (wide), 1/3.1"", 1.0µm",HDR,1080p@30fps,"Wi-Fi 802.11 a/b/g/n/ac, dual-band, Wi-Fi Direct","5.1, A2DP, LE","GPS, GLONASS, GALILEO, BDS",No,FM radio,"USB Type-C 2.0, OTG","Fingerprint (under display, optical), accelerometer, gyro, proximity, compass","Li-Po 4015 mAh, non-removable","Dynamic Orange, Navy Blue, Classic Silver",CPH2095,1.16 W/kg (head)     0.81 W/kg (body),About 200 EUR
Link,Image,Name,Release date,Weight,OS,Storage,Screen_size,Screen_resolution,RAM,Battery,net2g,net3g,net4g,speed,year,status,dimensions,weight,sim,displaytype,displaysize,displayresolution,os,chipset,cpu,gpu,memoryslot,internalmemory,memoryother,cam1modules,cam1features,cam1video,cam2modules,cam2features,cam2video,wlan,bluetooth,gps,nfc,radio,usb,sensors,batdescription1,colors,models,sar-us,price
https://www.gsmarena.com/oppo_a32-10454.php,https://fdn2.gsmarena.com/vv/bigpic/oppo-a32.jpg,Oppo A32,"Released 2020, September 10","186g, 8.4mm thickness","Android 10, ColorOS 7.2","64GB/128GB storage, microSDXC","6.5""",720x1600 pixels,4/8 GB RAM,5000 mAh Li-Po,GSM 850 / 900 / 1800 / 1900 - SIM 1 & SIM 2,HSDPA 850 / 900 / 2100,"1, 3, 5, 8, 34, 38, 39, 40, 41","HSPA, LTE-A","2020, September 10","Available. Released 2020, September 10",163.9 x 75.1 x 8.4 mm (6.45 x 2.96 x 0.33 in),186 g (6.56 oz),"Dual SIM (Nano-SIM, dual stand-by)","IPS LCD, 90Hz, 480 nits (typ)","6.5 inches, 102.0 cm(~82.9% screen-to-body ratio)","720 x 1600 pixels, 20:9 ratio (~270 ppi density)","Android 10, ColorOS 7.2",Qualcomm SM4250 Snapdragon 460 (11 nm),Octa-core (4x1.8 GHz Kryo 240 & 4x1.6 GHz Kryo 240),Adreno 610,microSDXC (dedicated slot),"64GB 4GB RAM, 128GB 4GB RAM, 128GB 8GB RAM",UFS 2.1,"13 MP, f/2.2, 25mm (wide), 1/3.06"", 1.12µm, PDAF","LED flash, HDR, panorama",1080p@30fps,"8 MP, f/2.0, (wide)",HDR,1080p@30fps,"Wi-Fi 802.11 a/b/g/n/ac, dual-band, Wi-Fi Direct","5.0, A2DP, LE, aptX HD","GPS, GLONASS, GALILEO, BDS",No,No,"USB Type-C 2.0, OTG","Fingerprint (rear-mounted), accelerometer, proximity, compass","Li-Po 5000 mAh, non-removable","Mint Green, Electric Black, Fancy Blue",PDVM00,0.77 W/kg (head)     0.97 W/kg (body),About 150 EUR
https://www.gsmarena.com/oppo_a53-10376.php,https://fdn2.gsmarena.com/vv/bigpic/oppo-a53-2020.jpg,Oppo A53,"Released 2020, August 25","186g, 8.4mm thickness","Android 10, up to Android 11","64GB/128GB storage, microSDXC","6.5""",720x1600 pixels,4/6 GB RAM,5000 mAh Li-Po,GSM 850 / 900 / 1800 / 1900 - SIM 1 & SIM 2,HSDPA 850 / 900 / 2100,"1, 3, 5, 8, 38, 40, 41","HSPA, LTE-A","2020, August 20","Available. Released 2020, August 25",163.9 x 75.1 x 8.4 mm (6.45 x 2.96 x 0.33 in),186 g (6.56 oz),"Dual SIM (Nano-SIM, dual stand-by)","IPS LCD, 90Hz","6.5 inches, 102.0 cm(~82.9% screen-to-body ratio)","720 x 1600 pixels, 20:9 ratio (~270 ppi density)",Corning Gorilla Glass 3,"Android 10, upgradable to Android 11",Qualcomm SM4250 Snapdragon 460 (11 nm),Octa-core (4x1.8 GHz Kryo 240 & 4x1.6 GHz Kryo 240),Adreno 610,microSDXC (dedicated slot),"64GB 4GB RAM, 128GB 4GB RAM, 128GB 6GB RAM",UFS 2.1,"13 MP, f/2.2, 25mm (wide), 1/3.06"", 1.12µm, PDAF","LED flash, HDR, panorama",1080p@30fps,"16 MP, f/2.0, (wide), 1/3.06"", 1.0µm",HDR,1080p@30fps,"Wi-Fi 802.11 a/b/g/n/ac, dual-band, Wi-Fi Direct","5.0, A2DP, LE, aptX HD","GPS, GLONASS, GALILEO, BDS",No,FM radio,"USB Type-C 2.0, OTG","Fingerprint (rear-mounted), accelerometer, proximity, compass","Li-Po 5000 mAh, non-removable","Fairy White, Electric Black, Fancy Blue","CPH2127, CPH2131",0.77 W/kg (head)     0.97 W/kg (body),
https://www.gsmarena.com/oppo_watch-10115.php,https://fdn2.gsmarena.com/vv/bigpic/oppo-watch.jpg,Oppo Watch,"Released 2020, March 24","40g (aluminum) / 45.5g (stainless steel), 11.4mm thickness",Android Wear OS - International,"8GB storage, no card slot","1.91""",402x476 pixels,1 GB RAM,430 mAh Li-Ion,N/A,HSDPA 900 / 2100,"1, 3, 7, 8, 20, 38 - International","HSPA, LTE","2020, March 06","Available. Released 2020, March 24",46 x 39 x 11.4 mm (1.81 x 1.54 x 0.45 in),40 g (aluminum) / 45.5 g (stainless steel) (1.41 oz),"Glass front, stainless steel frame or aluminum frame, ceramic/sapphire crystal back or plastic back",eSIM (market/region dependent),5ATM water resistant (46mm model),AMOLED,1.91 inches,402 x 476 pixels (~326 ppi density),"Schott Xensation Up (46mm), Corning Gorilla Glass (41mm)",Android Wear OS - InternationalColorOS Watch OS - China,Qualcomm Snapdragon Wear 3100 (28 nm) - InternationalQualcomm MSM8909W Snapdragon Wear 2500 (28nm) - China,Quad-core 1.09 GHz Cortex-A7,Adreno 304,No,8GB 1GB RAM,eMMC 4.5,No,Wi-Fi 802.11 b/g/n,"4.2, LE","GPS, GLONASS, BDS",Yes,No,No,"Accelerometer, gyro, heart rate, compass, barometer","Li-Ion 430 mAh, non-removable","Black, Glossy Gold, Pink Gold, Silver Mist",About 100 EUR
https://www.gsmarena.com/oppo_k7x-10573.php,https://fdn2.gsmarena.com/vv/bigpic/oppo-k7x.jpg,Oppo K7x,"Released 2020, November 11","194g, 9.1mm thickness","Android 10, ColorOS 7.2","128GB/256GB storage, no card slot","6.5""",1080x2400 pixels,6/8 GB RAM,5000 mAh Li-Po,GSM 850 / 900 / 1800 / 1900 - SIM 1 & SIM 2,HSDPA 800 / 850 / 900 / 1700(AWS) / 1900 / 2100,"1, 2, 3, 4, 5, 7, 8, 34, 38, 39, 40, 41","1, 41, 77, 78 SA/NSA","HSPA, LTE-A (CA), 5G 2.3 Gbps DL","2020, November 04","Available. Released 2020, November 11",162.2 x 75.1 x 9.1 mm (6.39 x 2.96 x 0.36 in),194 g (6.84 oz),"Dual SIM (Nano-SIM, dual stand-by)","IPS LCD, 90Hz, 480 nits (typ), 600 nits (peak)","6.5 inches, 102.0 cm(~83.7% screen-to-body ratio)","1080 x 2400 pixels, 20:9 ratio (~405 ppi density)",Corning Gorilla Glass 3,"Android 10, ColorOS 7.2",Mediatek MT6853V Dimensity 720 (7 nm),Octa-core (2x2.0 GHz Cortex-A76 & 6x2.0 GHz Cortex-A55),Mali-G57 MC3,No,"128GB 6GB RAM, 128GB 8GB RAM, 256GB 8GB RAM",UFS 2.1,"48 MP, f/1.7, 25mm (wide), 1/2.0"", 0.8µm, PDAF","LED flash, HDR, panorama","4K@30fps, 1080p@30/60/120fps; gyro-EIS","16 MP, f/2.0, 26mm (wide), 1/3.06"", 1.0µm",HDR,1080p@30fps,24-bit/192kHz audio,"Wi-Fi 802.11 a/b/g/n/ac, dual-band, Wi-Fi Direct","5.0, A2DP, LE, aptX HD","GPS, GLONASS, GALILEO, BDS",No,No,"USB Type-C 2.0, OTG","Fingerprint (side-mounted), accelerometer, gyro, proximity, compass","Li-Po 5000 mAh, non-removable","Blue, Black",PERM00,About 190 EUR
https://www.gsmarena.com/oppo_reno4_pro-10327.php,https://fdn2.gsmarena.com/vv/bigpic/oppo-reno4-pro.jpg,Oppo Reno4 Pro,"Released 2020, August 05","161g, 7.7mm thickness","Android 10, ColorOS 7.2","128GB/256GB storage, microSDXC","6.5""",1080x2400 pixels,8 GB RAM,4000 mAh Li-Po,GSM 850 / 900 / 1800 / 1900 - SIM 1 & SIM 2,HSDPA 850 / 900 / 1700(AWS) / 1900 / 2100 - International,"1, 2, 3, 4, 5, 7, 8, 18, 19, 20, 26, 28, 38, 39, 40, 41 - International","HSPA, LTE-A","2020, July 31","Available. Released 2020, August 05",160.2 x 73.2 x 7.7 mm (6.31 x 2.88 x 0.30 in),161 g (5.68 oz),"Glass front (Gorilla Glass 5), plastic frame, plastic back","Dual SIM (Nano-SIM, dual stand-by)","Super AMOLED, 90Hz, HDR10, 500 nits (typ)","6.5 inches, 103.5 cm(~88.3% screen-to-body ratio)","1080 x 2400 pixels, 20:9 ratio (~402 ppi density)",Corning Gorilla Glass 5,"Android 10, ColorOS 7.2",Qualcomm SM7125 Snapdragon 720G (8 nm),Octa-core (2x2.3 GHz Kryo 465 Gold & 6x1.8 GHz Kryo 465 Silver),Adreno 618,microSDXC (dedicated slot),"128GB 8GB RAM, 256GB 8GB RAM",UFS 2.1,"48 MP, f/1.7, 26mm (wide), 1/2.0"", 0.8µm, PDAF","LED flash, HDR, panorama","4K@30fps, 1080p@30/60/120fps, gyro-EIS","32 MP, f/2.4, 26mm (wide), 1/2.8"", 0.8µm",HDR,"1080p@30/120fps, gyro-EIS","Wi-Fi 802.11 a/b/g/n/ac, dual-band, Wi-Fi Direct","5.1, A2DP, LE, aptX HD","GPS, GLONASS, GALILEO, BDS, QZSS, GNSS",Yes (market/region dependent),FM radio,"USB Type-C 2.0, OTG","Fingerprint (under display, optical), accelerometer, gyro, proximity, compass","Li-Po 4000 mAh, non-removable","Starry Night, Silky White",CPH2109,About 390 EUR,AnTuTu: 261359 (v8),
https://www.gsmarena.com/oppo_reno4-10348.php,https://fdn2.gsmarena.com/vv/bigpic/oppo-reno4.jpg,Oppo Reno4,"Released 2020, August 05","165g, 7.7mm thickness","Android 10, ColorOS 7.2","128GB storage, microSDXC","6.4""",1080x2400 pixels,8 GB RAM,4015 mAh Li-Po,GSM 850 / 900 / 1800 / 1900 - SIM 1 & SIM 2,HSDPA 850 / 900 / 2100,"1, 3, 5, 7, 8, 38, 40, 41","HSPA, LTE-A","2020, July 29","Available. Released 2020, August 05",160.3 x 73.9 x 7.7 mm (6.31 x 2.91 x 0.30 in),165 g (5.82 oz),"Glass front, plastic frame, plastic back","Dual SIM (Nano-SIM, dual stand-by)","OLED, 430 nits (typ)","6.4 inches, 98.9 cm(~83.5% screen-to-body ratio)","1080 x 2400 pixels, 20:9 ratio (~411 ppi density)","Android 10, ColorOS 7.2",Qualcomm SM7125 Snapdragon 720G (8 nm),Octa-core (2x2.3 GHz Kryo 465 Gold & 6x1.8 GHz Kryo 465 Silver),Adreno 618,microSDXC (dedicated slot),128GB 8GB RAM,UFS 2.1,"48 MP, f/1.7, 26mm (wide), 1/2.0"", 0.8µm, PDAF","LED flash, HDR, panorama","4K@30fps, 1080p@30/60fps, gyro-EIS","32 MP, f/2.4, 26mm (wide), 1/2.8"", 0.8µm",HDR,1080p@30fps,"Wi-Fi 802.11 a/b/g/n/ac, dual-band, Wi-Fi Direct","5.1, A2DP, LE, aptX HD","GPS, GLONASS, BDS, GALILEO, QZSS",No,FM radio,"USB Type-C 2.0, OTG","Fingerprint (under display, optical), accelerometer, gyro, proximity, compass","Li-Po 4015 mAh, non-removable","Galactic Blue, Space Black",CPH2113,About 330 EUR
https://www.gsmarena.com/oppo_a72_5g-10332.php,https://fdn2.gsmarena.com/vv/bigpic/oppo-a72-5g.jpg,Oppo A72 5G,"Released 2020, July 31","175g, 7.9mm thickness","Android 10, ColorOS 7.2","128GB storage, no card slot","6.5""",1080x2400 pixels,4-8 GB RAM,4040 mAh Li-Po,GSM 850 / 900 / 1800 / 1900 - SIM 1 & SIM 2,HSDPA 850 / 900 / 1700(AWS) / 1900 / 2100,"1, 2, 3, 4, 5, 7, 8, 34, 38, 39, 40, 41","1, 41, 77, 78, 79 SA/NSA","HSPA, LTE-A (CA), 5G 2.3 Gbps DL","2020, July 27","Available. Released 2020, July 31",162.2 x 75 x 7.9 mm (6.39 x 2.95 x 0.31 in),175 g (6.17 oz),"Dual SIM (Nano-SIM, dual stand-by)","IPS LCD, 90Hz, 480 nits (typ)","6.5 inches, 102.0 cm(~83.9% screen-to-body ratio)","1080 x 2400 pixels, 20:9 ratio (~405 ppi density)","Android 10, ColorOS 7.2",Mediatek MT6853V Dimensity 720 (7 nm),Octa-core (2x2.0 GHz Cortex-A76 & 6x2.0 GHz Cortex-A55),Mali-G57 MC3,No,"128GB 4GB RAM, 128GB 6GB RAM, 128GB 8GB RAM",UFS 2.1,"16 MP, f/2.2, (wide), PDAF","LED flash, HDR, panorama","4K@30fps, 1080p@30/120fps, gyro-EIS","8 MP, f/2.0, (wide)",HDR,1080p@30fps; gyro-EIS,"Wi-Fi 802.11 a/b/g/n/ac, dual-band, Wi-Fi Direct","5.1, A2DP, LE, aptX HD","GPS, GLONASS, GALILEO, BDS",Yes,FM radio,"USB Type-C 2.0, OTG","Fingerprint (side-mounted), accelerometer, gyro, proximity, compass","Li-Po 4040 mAh, non-removable","Black, Purple, Neon","PDYM20, PDYT20",About 230 EUR
https://www.gsmarena.com/oppo_a12s-10288.php,https://fdn2.gsmarena.com/vv/bigpic/oppo-a11k.jpg,Oppo A12s,"Released 2020, July 26","165g, 8.3mm thickness","Android 9.0, ColorOS 6.1","32GB storage, microSDXC","6.2""",720x1520 pixels,3 GB RAM,4230 mAh Li-Po,GSM 850 / 900 / 1800 / 1900 - SIM 1 & SIM 2,HSDPA 850 / 900 / 2100,"1, 3, 5, 8, 38, 40, 41","HSPA, LTE-A","2020, July 14","Available. Released 2020, July 26",155.9 x 75.5 x 8.3 mm (6.14 x 2.97 x 0.33 in),165 g (5.82 oz),"Glass front, plastic back, plastic frame","Dual SIM (Nano-SIM, dual stand-by)","IPS LCD, 450 nits (typ)","6.2 inches, 95.9 cm(~81.5% screen-to-body ratio)","720 x 1520 pixels, 19:9 ratio (~271 ppi density)",Corning Gorilla Glass 3,"Android 9.0 (Pie), ColorOS 6.1",Mediatek MT6765 Helio P35 (12nm),Octa-core (4x2.35 GHz Cortex-A53 & 4x1.8 GHz Cortex-A53),PowerVR GE8320,microSDXC (dedicated slot),32GB 3GB RAM,eMMC 5.1,"13 MP, f/2.2, (wide), 1/3.1"", 1.12µm, PDAF","LED flash, HDR, panorama",1080p@30fps,"5 MP, f/2.4, 1/5"", 1.12µm",HDR,,"Wi-Fi 802.11 a/b/g/n/ac, dual-band, Wi-Fi Direct","5.0, A2DP, LE","GPS, GLONASS, BDS",No,FM radio,"microUSB 2.0, OTG","Fingerprint (rear-mounted), accelerometer, gyro, proximity, compass","Li-Po 4230 mAh, non-removable","Deep Blue, Flowing Silver",About 120 EUR
https://www.gsmarena.com/oppo_reno4_pro_5g-10264.php,https://fdn2.gsmarena.com/vv/bigpic/oppo-reno4-pro-5g.jpg,Oppo Reno4 Pro 5G,"Released 2020, June 12","172g, 7.6mm thickness","Android 10, ColorOS 7.2","128GB/256GB storage, no card slot","6.55""",1080x2400 pixels,8/12 GB RAM,4000 mAh Li-Po,GSM 850 / 900 / 1800 / 1900 - SIM 1 & SIM 2,HSDPA 800 / 850 / 900 / 1700(AWS) / 1900 / 2100,"1, 2, 3, 4, 5, 7, 8, 12, 17, 18, 19, 20, 26, 28, 32, 38, 39, 40, 41, 42, 66 - International","1, 3, 5, 7, 8, 20, 28, 38, 40, 41, 77, 78 SA/NSA - International","HSPA, LTE-A, 5G 3.7/1.6 Gbps","2020, June 05","Available. Released 2020, June 12",159.6 x 72.5 x 7.6 mm (6.28 x 2.85 x 0.30 in),172 g (6.07 oz),"Glass front (Gorilla Glass 5), glass back (Gorilla Glass 5), aluminum frame","Dual SIM (Nano-SIM, dual stand-by)","AMOLED, 90Hz, HDR10+, 500 nits (typ)","6.55 inches, 103.6 cm(~89.5% screen-to-body ratio)","1080 x 2400 pixels, 20:9 ratio (~402 ppi density)",Corning Gorilla Glass 5,"Android 10, ColorOS 7.2",Qualcomm SM7250 Snapdragon 765G 5G (7 nm),Octa-core (1x2.4 GHz Kryo 475 Prime & 1x2.2 GHz Kryo 475 Gold & 6x1.8 GHz Kryo 475 Silver),Adreno 620,No,"128GB 8GB RAM, 256GB 12GB RAM",UFS 2.1,"48 MP, f/1.7, 26mm (wide), 1/2.0"", 0.8µm, PDAF, Laser AF, OIS","LED flash, HDR, panorama","4K@30fps, 1080p@30/60/120fps; gyro-EIS, OIS, HDR","32 MP, f/2.4, 26mm (wide), 1/2.8"", 0.8µm",HDR,"1080p@30fps, gyro-EIS","Wi-Fi 802.11 a/b/g/n/ac, dual-band, Wi-Fi Direct","5.1, A2DP, LE, aptX HD","GPS (L1+L5), GLONASS (G1), BDS (B1I+B2a), GALILEO (E1+E5a), QZSS (L1+L5)",Yes,No,"USB Type-C 2.0, OTG","Fingerprint (under display, optical), accelerometer, gyro, proximity, compass","Li-Po 4000 mAh, non-removable","Galactic Blue, Space Black, White, Pink, Green","PDNM00, PDNT00, CPH2089",About 1000 EUR,AnTuTu: 317139 (v8),
https://www.gsmarena.com/oppo_reno4_5g-10265.php,https://fdn2.gsmarena.com/vv/bigpic/oppo-reno4-5g.jpg,Oppo Reno4 5G,"Released 2020, June 12","183g, 7.8mm thickness","Android 10, ColorOS 7.2","128GB/256GB storage, no card slot","6.43""",1080x2400 pixels,8 GB RAM,4000 mAh Li-Po,GSM 850 / 900 / 1800 / 1900 - SIM 1 & SIM 2,HSDPA 800 / 850 / 900 / 1700(AWS) / 1900 / 2100,"1, 2, 3, 4, 5, 7, 8, 12, 17, 18, 19, 20, 26, 28, 32, 66 - International","1, 3, 5, 7, 8, 20, 28, 38, 40, 41, 77, 78 SA/NSA - International","HSPA, LTE-A, 5G 3.7/1.6 Gbps","2020, June 05","Available. Released 2020, June 12",159.3 x 74 x 7.8 mm (6.27 x 2.91 x 0.31 in),183 g (6.46 oz),"Glass front (Gorilla Glass 5), glass back (Gorilla Glass 3), aluminum frame","Dual SIM (Nano-SIM, dual stand-by)","AMOLED, 430 nits (typ)","6.43 inches, 99.8 cm(~84.7% screen-to-body ratio)","1080 x 2400 pixels, 20:9 ratio (~409 ppi density)",Corning Gorilla Glass 5,"Android 10, ColorOS 7.2",Qualcomm SM7250 Snapdragon 765G 5G (7 nm),Octa-core (1x2.4 GHz Kryo 475 Prime & 1x2.2 GHz Kryo 475 Gold & 6x1.8 GHz Kryo 475 Silver),Adreno 620,No,"128GB 8GB RAM, 256GB 8GB RAM",UFS 2.1,"48 MP, f/1.7, 26mm (wide), 1/2.0"", 0.8µm, PDAF","LED flash, HDR, panorama","4K@30fps, 1080p@30/60/120fps; gyro-EIS, HDR","32 MP, f/2.4, 26mm (wide), 1/2.8"", 0.8µm",HDR,"1080p@30fps, gyro-EIS","Wi-Fi 802.11 a/b/g/n/ac, dual-band, Wi-Fi Direct","5.1, A2DP, LE, aptX HD","GPS (L1+L5), GLONASS (G1), BDS (B1I+B2a), GALILEO (E1+E5a), QZSS (L1+L5)",Yes,FM radio,"USB Type-C 2.0, OTG","Fingerprint (under display, optical), accelerometer, gyro, proximity, compass","Li-Po 4000 mAh, non-removable","Galactic Blue, Space Black, Purple","PDPM00, PDPT00, CPH2091",
https://www.gsmarena.com/oppo_a92-10211.php,https://fdn2.gsmarena.com/vv/bigpic/oppo-a92-.jpg,Oppo A92,"Released 2020, May 09","192g, 8.9mm thickness","Android 10, ColorOS 7.1","128GB storage, microSDXC","6.5""",1080x2400 pixels,6/8 GB RAM,5000 mAh Li-Po,GSM 850 / 900 / 1800 / 1900 - SIM 1 & SIM 2,HSDPA 850 / 900 / 2100,"1, 3, 5, 8, 38, 40, 41 - Southeast Asia","HSPA, LTE-A","2020, May 04","Available. Released 2020, May 09",162 x 75.5 x 8.9 mm (6.38 x 2.97 x 0.35 in),192 g (6.77 oz),"Dual SIM (Nano-SIM, dual stand-by)","IPS LCD, 480 nits (typ)","6.5 inches, 102.0 cm(~83.4% screen-to-body ratio)","1080 x 2400 pixels, 20:9 ratio (~405 ppi density)","Android 10, ColorOS 7.1",Qualcomm SM6125 Snapdragon 665 (11 nm),Octa-core (4x2.0 GHz Kryo 260 Gold & 4x1.8 GHz Kryo 260 Silver),Adreno 610,microSDXC (dedicated slot),"128GB 6GB RAM, 128GB 8GB RAM",UFS 2.1,"48 MP, f/1.7, (wide), 1/2.0"", 0.8µm, PDAF","LED flash, HDR, panorama","4K@30fps, 1080p@30/120fps, gyro-EIS","16 MP, f/2.0, (wide), 1/3.06, 1.0µm",HDR,1080p@30fps,24-bit/192kHz audio,"Wi-Fi 802.11 a/b/g/n/ac, dual-band, Wi-Fi Direct","5.0, A2DP, LE","GPS, GLONASS, GALILEO, BDS",No,FM radio,"USB Type-C 2.0, OTG","Fingerprint (side-mounted), accelerometer, proximity, compass","Li-Po 5000 mAh, non-removable","Twilight Black, Stream White, Aurora Purple",CPH2059,About 250 EUR
https://www.gsmarena.com/oppo_find_x2_neo-10195.php,https://fdn2.gsmarena.com/vv/bigpic/oppo-find-x2-neo.jpg,Oppo Find X2 Neo,"Released 2020, May 21","171g, 7.7mm thickness","Android 10, ColorOS 7","256GB storage, no card slot","6.5""",1080x2400 pixels,12 GB RAM,4025 mAh Li-Po,GSM 850 / 900 / 1800 / 1900,HSDPA 800 / 850 / 900 / 1700(AWS) / 1900 / 2100,"1, 2, 3, 4, 5, 7, 8, 12, 17, 18, 19, 20, 26, 28, 32, 38, 39, 40, 41, 66","1, 3, 5, 7, 28, 40, 78 NSA","HSPA, LTE-A, 5G 3.7/1.6 Gbps","2020, April 15","Available. Released 2020, May 21",159.4 x 72.4 x 7.7 mm (6.28 x 2.85 x 0.30 in),171 g (6.03 oz),"Glass front, glass back, aluminum frame",Nano-SIM,"AMOLED, 90Hz, 500 nits (typ)","6.5 inches, 103.5 cm(~89.7% screen-to-body ratio)","1080 x 2400 pixels, 20:9 ratio (~402 ppi density)",Corning Gorilla Glass 5,"Android 10, ColorOS 7",Qualcomm SM7250 Snapdragon 765G 5G (7 nm),Octa-core (1x2.4 GHz Kryo 475 Prime & 1x2.2 GHz Kryo 475 Gold & 6x1.8 GHz Kryo 475 Silver),Adreno 620,No,256GB 12GB RAM,UFS 2.1,"48 MP, f/1.7, 26mm (wide), 1/2.0"", 0.8µm, PDAF, OIS","Dual-LED flash, HDR, panorama","4K@30fps, 1080p@30/60fps; gyro-EIS, OIS","32 MP, f/2.4, 26mm (wide), 1/2.8"", 0.8µm",HDR,1080p@30fps,"Wi-Fi 802.11 a/b/g/n/ac, dual-band, Wi-Fi Direct","5.1, A2DP, LE, aptX HD","GPS, GLONASS, GALILEO, BDS",Yes,No,"USB Type-C 2.0, OTG","Fingerprint (under display, optical), accelerometer, gyro, proximity, compass","Li-Po 4025 mAh, non-removable","Moonlight Black, Starry Blue",CPH2009,,AnTuTu: 308231 (v8),
https://www.gsmarena.com/oppo_a92s-10184.php,https://fdn2.gsmarena.com/vv/bigpic/oppo-a92s.jpg,Oppo A92s,"Released 2020, April 29","184g, 8.1mm thickness","Android 10, ColorOS 7.1","128GB/256GB storage, no card slot","6.57""",1080x2400 pixels,6/8 GB RAM,4000 mAh Li-Po,GSM 850 / 900 / 1800 / 1900 - SIM 1 & SIM 2,HSDPA 850 / 900 / 1700(AWS) / 1900 / 2100,"1, 2, 3, 4, 5, 7, 8, 34, 38, 39, 40, 41","1, 41, 78, 79 SA/NSA","HSPA, LTE-A, 5G","2020, April 20","Available. Released 2020, April 29",163.8 x 75.5 x 8.1 mm (6.45 x 2.97 x 0.32 in),184 g (6.49 oz),"Dual SIM (Nano-SIM, dual stand-by)","IPS LCD, 120Hz, 480 nits (typ)","6.57 inches, 104.2 cm(~84.3% screen-to-body ratio)","1080 x 2400 pixels, 20:9 ratio (~401 ppi density)","Android 10, ColorOS 7.1",Mediatek MT6873V Dimensity 800 (7 nm),Octa-core (4x2.0 GHz Cortex-A76 & 4x2.0 GHz Cortex-A55),Mali-G57MP4,No,"128GB 6GB RAM, 128GB 8GB RAM, 256GB 8GB RAM",UFS 2.1,"48 MP, f/1.7, 26mm (wide), 1/2.0"", 0.8µm, PDAF","LED flash, HDR, panorama","4K@30fps, 1080p@30/120fps, gyro-EIS","16 MP, f/2.0, 26mm (wide), 1/3.06"", 1.0µm",HDR,1080p@30fps,24-bit/192kHz audio,"Wi-Fi 802.11 a/b/g/n/ac, dual-band, Wi-Fi Direct","5.0, A2DP, LE","GPS, GLONASS, BDS",Yes,No,"USB Type-C 2.0, OTG","Fingerprint (side-mounted), accelerometer, gyro, proximity, compass","Li-Po 4000 mAh, non-removable","Black, White, Pink",PDKM00,About 290 EUR
