Link,Image,Name,Release date,Weight,OS,Storage,Screen_size,Screen_resolution,RAM,Battery,net2g,net3g,net4g,speed,year,status,dimensions,weight,sim,bodyother,displaytype,displaysize,displayresolution,displayprotection,os,chipset,cpu,gpu,memoryslot,internalmemory,memoryother,cam1modules,cam1features,cam1video,cam2modules,cam2features,cam2video,wlan,bluetooth,gps,nfc,radio,usb,sensors,batdescription1,colors,models,price,tbench,batlife
https://www.gsmarena.com/oppo_f21_pro-11450.php,https://fdn2.gsmarena.com/vv/bigpic/oppo-reno7-4g.jpg,Oppo F21 Pro,"Released 2022, April 15","175g, 7.5mm thickness","Android 12, ColorOS 12.1","128GB storage, microSDXC","6.43""",1080x2400 pixels,8 GB RAM,4500 mAh Li-Po,GSM 850 / 900 / 1800 / 1900 - SIM 1 & SIM 2,HSDPA 850 / 900 / 2100,"1, 3, 5, 8, 38, 40, 41","HSPA, LTE-A","2022, April 12","Available. Released 2022, April 15",159.9 x 73.2 x 7.5 mm (6.30 x 2.88 x 0.30 in),175 g (6.17 oz),"Dual SIM (Nano-SIM, dual stand-by)",IPX4 water resistant,"AMOLED, 90Hz, 430 nits (typ), 600 nits (HBM), 800 nits (peak)","6.43 inches, 99.8 cm(~85.3% screen-to-body ratio)","1080 x 2400 pixels, 20:9 ratio (~409 ppi density)",Corning Gorilla Glass 5,"Android 12, ColorOS 12.1",Qualcomm SM6225 Snapdragon 680 4G (6 nm),Octa-core (4x2.4 GHz Kryo 265 Gold & 4x1.9 GHz Kryo 265 Silver),Adreno 610,microSDXC,128GB 8GB RAM,UFS 2.2,"64 MP, f/1.7, 26mm (wide), 1/2.0"", 0.7µm, PDAF","LED flash, HDR, panorama","1080p@30fps, gyro-EIS","32 MP, f/2.4, 24mm (wide), 1/2.74"", 0.8µm","Panorama, HDR","1080p@30fps, gyro-EIS","Wi-Fi 802.11 a/b/g/n/ac, dual-band, Wi-Fi Direct","5.1, A2DP, LE, aptX HD","GPS, GLONASS, BDS, GALILEO, QZSS",No,No,"USB Type-C 2.0, OTG","Fingerprint (under display, optical), accelerometer, gyro, proximity, compass","Li-Po 4500 mAh, non-removable","Cosmic Black, Sunset Orange, Dawnlight Gold, Starlight Black","CPH2363, CPH2461",About 280 EUR,AnTuTu: 289250 (v9),
https://www.gsmarena.com/oppo_reno7-11448.php,https://fdn2.gsmarena.com/vv/bigpic/oppo-reno7-4g.jpg,Oppo Reno7,"Released 2022, April 02","175g, 7.5mm thickness","Android 12, ColorOS 12.1","128GB/256GB storage, microSDXC","6.43""",1080x2400 pixels,8 GB RAM,4500 mAh Li-Po,GSM 850 / 900 / 1800 / 1900 - SIM 1 & SIM 2,HSDPA 900 / 2100 - Indonesia,"1, 3, 5, 8, 40 - Indonesia","HSPA, LTE-A","2022, March 29","Available. Released 2022, April 02",159.9 x 73.2 x 7.5 mm (6.30 x 2.88 x 0.30 in),175 g (6.17 oz),"Glass front (Gorilla Glass 5), plastic back or eco leather back, plastic frame","Dual SIM (Nano-SIM, dual stand-by)",IPX4 water resistant,"AMOLED, 90Hz, 430 nits (typ), 600 nits (HBM), 800 nits (peak)","6.43 inches, 99.8 cm(~85.3% screen-to-body ratio)","1080 x 2400 pixels, 20:9 ratio (~409 ppi density)",Corning Gorilla Glass 5,"Android 12, ColorOS 12.1",Qualcomm SM6225 Snapdragon 680 4G (6 nm),Octa-core (4x2.4 GHz Kryo 265 Gold & 4x1.9 GHz Kryo 265 Silver),Adreno 610,microSDXC,"128GB 8GB RAM, 256GB 8GB RAM",UFS 2.2,"64 MP, f/1.7, 26mm (wide), 1/2.0"", 0.7µm, PDAF","LED flash, HDR, panorama","1080p@30fps, gyro-EIS","32 MP, f/2.4, 24mm (wide), 1/2.74"", 0.8µm","Panorama, HDR","1080p@30fps, gyro-EIS","Wi-Fi 802.11 a/b/g/n/ac, dual-band, Wi-Fi Direct","5.1, A2DP, LE, aptX HD","GPS, GLONASS, BDS, GALILEO, QZSS",Yes (market/region dependent),No,"USB Type-C 2.0, OTG","Fingerprint (under display, optical), accelerometer, gyro, proximity, compass","Li-Po 4500 mAh, non-removable","Cosmic Black, Sunset Orange",CPH2363,,AnTuTu: 289250 (v9),
https://www.gsmarena.com/oppo_k10-11438.php,https://fdn2.gsmarena.com/vv/bigpic/oppo-k10.jpg,Oppo K10,"Released 2022, March 29","189g, 8.4mm thickness","Android 11, ColorOS 11.1","128GB storage, microSDXC","6.59""",1080x2412 pixels,6/8 GB RAM,5000 mAh Li-Po,GSM 850 / 900 / 1800 / 1900 - SIM 1 & SIM 2,HSDPA 850 / 900 / 2100,"1, 3, 5, 8, 38, 40, 41","HSPA, LTE-A","2022, March 23","Available. Released 2022, March 29",164.4 x 75.7 x 8.4 mm (6.47 x 2.98 x 0.33 in),189 g (6.67 oz),"Glass front, plastic frame, plastic back","Dual SIM (Nano-SIM, dual stand-by)","IP5X (dust), IPX4 (water) resistance","IPS LCD, 90Hz, 480 nits (typ), 600 nits (HBM)","6.59 inches, 104.5 cm(~84.0% screen-to-body ratio)","1080 x 2412 pixels, 20:9 ratio (~401 ppi density)","Android 11, ColorOS 11.1",Qualcomm SM6225 Snapdragon 680 4G (6 nm),Octa-core (4x2.4 GHz Kryo 265 Gold & 4x1.9 GHz Kryo 265 Silver),Adreno 610,microSDXC (dedicated slot),"128GB 6GB RAM, 128GB 8GB RAM",UFS 2.2,"50 MP, f/1.8, 27mm (wide), PDAF","LED flash, HDR, panorama",1080p@30fps,"16 MP, f/2.0, 26mm (wide)",1080p@30fps,"Wi-Fi 802.11 a/b/g/n/ac, dual-band, Wi-Fi Direct","5.0, A2DP, LE, aptX HD","GPS, GLONASS, BDS, GALILEO, QZSS",No,No,"USB Type-C 2.0, OTG","Fingerprint (side-mounted), accelerometer, proximity, compass","Li-Po 5000 mAh, non-removable","Black Carbon, Blue Flame",CPH2373,
https://www.gsmarena.com/oppo_a96-11434.php,https://fdn2.gsmarena.com/vv/bigpic/oppo-a96-new.jpg,Oppo A96,"Released 2022, March 16","191g, 8.4mm thickness","Android 11, ColorOS 11.1","128GB/256GB storage, microSDXC","6.59""",1080x2412 pixels,6/8 GB RAM,5000 mAh Li-Po,GSM 850 / 900 / 1800 / 1900 - SIM 1 & SIM 2,HSDPA 850 / 900 / 2100,"1, 3, 5, 7, 8, 20, 28, 34, 38, 40, 41","HSPA, LTE-A","2022, March 16","Available. Released 2022, March 16",164.4 x 75.7 x 8.4 mm (6.47 x 2.98 x 0.33 in),191 g (6.74 oz),"Glass front, plastic frame, plastic back","Dual SIM (Nano-SIM, dual stand-by)","IP5X (dust), IPX4 (water) resistance","IPS LCD, 90Hz, 480 nits (typ), 600 nits (HBM)","6.59 inches, 104.5 cm(~84.0% screen-to-body ratio)","1080 x 2412 pixels, 20:9 ratio (~401 ppi density)","Android 11, ColorOS 11.1",Qualcomm SM6225 Snapdragon 680 4G (6 nm),Octa-core (4x2.4 GHz Kryo 265 Gold & 4x1.9 GHz Kryo 265 Silver),Adreno 610,microSDXC (dedicated slot),"128GB 6GB RAM, 128GB 8GB RAM, 256GB 8GB RAM",UFS 2.2,"50 MP, f/1.8, 27mm (wide), PDAF","LED flash, HDR, panorama",1080p@30fps,"16 MP, f/2.0, 26mm (wide)",1080p@30fps,"Wi-Fi 802.11 a/b/g/n/ac, dual-band, Wi-Fi Direct","5.0, A2DP, LE, aptX HD","GPS, GLONASS, BDS, GALILEO, QZSS",No,No,"USB Type-C 2.0, OTG","Fingerprint (side-mounted), accelerometer, proximity, compass","Li-Po 5000 mAh, non-removable","Starry Black, Sunset Blue",CPH2333,
https://www.gsmarena.com/oppo_a16e-11433.php,https://fdn2.gsmarena.com/vv/bigpic/oppo-a16k.jpg,Oppo A16e,"Released 2022, March 24","175g, 7.9mm thickness","Android 11, ColorOS 11.1","32GB/64GB storage, microSDXC","6.52""",720x1600 pixels,3/4 GB RAM,4230 mAh Li-Po,GSM 850 / 900 / 1800 / 1900 - SIM 1 & SIM 2,HSDPA 850 / 900 / 2100,"1, 3, 5, 8, 38, 40, 41","HSPA, LTE-A","2022, March 21","Available. Released 2022, March 24",164 x 75.4 x 7.9 mm (6.46 x 2.97 x 0.31 in),175 g (6.17 oz),"Glass front, plastic back, plastic frame","Dual SIM (Nano-SIM, dual stand-by)","IPS LCD, 480 nits (typ)","6.52 inches, 102.6 cm(~83.0% screen-to-body ratio)","720 x 1600 pixels, 20:9 ratio (~269 ppi density)",Corning Gorilla Glass 3,"Android 11, ColorOS 11.1",Mediatek MT6762D Helio P22 (12 nm),Octa-core 2.0 GHz Cortex-A53,PowerVR GE8320,microSDXC,"32GB 3GB RAM, 64GB 4GB RAM",eMMC 5.1,"13 MP, f/2.2, 26mm (wide), 1/3.1"", 1.12µm, PDAF","LED flash, HDR, panorama",1080p@30fps,"5 MP, f/2.4, 27mm (wide)",HDR,1080p@30fps,"Wi-Fi 802.11 a/b/g/n/ac, dual-band, Wi-Fi Direct","5.0, A2DP, LE, aptX","GPS, GLONASS, GALILEO, BDS",No,Unspecified,"microUSB 2.0, OTG","Accelerometer, proximity, compass","Li-Po 4230 mAh, non-removable","Black, Blue, White",CPH2421,About 120 EUR
https://www.gsmarena.com/oppo_reno7_z_5g-11397.php,https://fdn2.gsmarena.com/vv/bigpic/oppo-reno7-z-5g.jpg,Oppo Reno7 Z 5G,"Released 2022, March 21","173g, 7.5mm thickness","Android 12, ColorOS 12","128GB storage, microSDXC","6.43""",1080x2400 pixels,8 GB RAM,4500 mAh Li-Po,GSM 850 / 900 / 1800 / 1900 - SIM 1 & SIM 2,HSDPA 800 / 850 / 900 / 1900 / 2100,"1, 3, 5, 7, 8, 28, 34, 38, 39, 40, 41","1, 8, 28, 41, 77, 78 SA/NSA","HSPA, LTE-A (CA), 5G","2022, March 02","Available. Released 2022, March 21",159.9 x 73.2 x 7.5 mm (6.30 x 2.88 x 0.30 in),173 g (6.10 oz),"Dual SIM (Nano-SIM, dual stand-by)","IPX4, dust and water resistant","AMOLED, 430 nits (typ), 600 nits (HBM)","6.43 inches, 99.8 cm(~85.3% screen-to-body ratio)","1080 x 2400 pixels, 20:9 ratio (~409 ppi density)","Android 12, ColorOS 12",Qualcomm SM6375 Snapdragon 695 5G (6 nm),Octa-core (2x2.2 GHz Kryo 660 Gold & 6x1.7 GHz Kryo 660 Silver),Adreno 619,microSDXC,128GB 8GB RAM,UFS 2.2,"64 MP, f/1.7, 26mm (wide), PDAF","LED flash, HDR, panorama",1080p@30fps,"16 MP, f/2.4, 27mm (wide), 1.0µm","HDR, panorama",1080p@30fps,"Wi-Fi 802.11 a/b/g/n/ac, dual-band, Wi-Fi Direct","5.2, A2DP, LE, aptX HD","GPS, GLONASS, BDS, GALILEO, QZSS",Yes,No,"USB Type-C 2.0, OTG","Fingerprint (under display, optical), accelerometer, proximity, gyro, compass","Li-Po 4500 mAh, non-removable","Black, Rainbow",CPH2343,About 350 EUR
https://www.gsmarena.com/oppo_find_x5_pro-11236.php,https://fdn2.gsmarena.com/vv/bigpic/oppo-find-x5-pro.jpg,Oppo Find X5 Pro,"Released 2022, March 14","218g or 195g, 8.5mm thickness","Android 12, up to Android 13, ColorOS 13","256GB/512GB storage, no card slot","6.7""",1440x3216 pixels,8/12 GB RAM,5000 mAh Li-Po,GSM 850 / 900 / 1800 / 1900 - SIM 1 & SIM 2,HSDPA 800 / 850 / 900 / 1700(AWS) / 1900 / 2100,"1, 2, 3, 4, 5, 7, 8, 12, 13, 17, 18, 19, 20, 25, 26, 28, 32, 34, 38, 39, 40, 41, 42, 66 - Global","1, 2, 3, 5, 7, 8, 12, 13, 18, 20, 25, 26, 28, 38, 40, 41, 66, 77, 78, 79 SA/NSA - Global","HSPA, LTE-A, 5G","2022, February 24","Available. Released 2022, March 14",163.7 x 73.9 x 8.5 or 8.8 mm,218 g or 195 g (6.88 oz),"Glass front (Gorilla Glass Victus), ceramic back or eco leather back, aluminum frame",Nano-SIM and eSIM,IP68 dust/water resistant (up to 1.5m for 30 min),"LTPO2 AMOLED, 1B colors, 120Hz, HDR10+, BT.2020, 500 nits (typ), 800 nits (HBM), 1300 nits (peak)","6.7 inches, 108.4 cm(~89.6% screen-to-body ratio)","1440 x 3216 pixels, 20:9 ratio (~525 ppi density)",Corning Gorilla Glass Victus,"Android 12, upgradable to Android 13, ColorOS 13",Qualcomm SM8450 Snapdragon 8 Gen 1 (4 nm) - GlobalMediatek Dimensity 9000 (4 nm) - China,Octa-core (1x3.00 GHz Cortex-X2 & 3x2.50 GHz Cortex-A710 & 4x1.80 GHz Cortex-A510) - GlobalOcta-core (1x3.05 GHz Cortex-X2 & 3x2.85 GHz Cortex-A710 & 4x1.80 GHz Cortex-A510) - China,Adreno 730 - GlobalMali-G710 MC10 - China,No,"256GB 8GB RAM, 256GB 12GB RAM, 512GB 12GB RAM",UFS 3.1,"50 MP, f/1.7, 25mm (wide), 1/1.56"", 1.0µm, multi-directional PDAF, OIS (3-axis sensor-shift, 2-axis lens-shift)","Hasselblad Color Calibration, LED flash, HDR, panorama","4K@30/60fps, 1080p@30/60/240fps; gyro-EIS; HDR, 10‑bit video","32 MP, f/2.4, 21mm (wide), 1/2.74"", 0.8µm",Panorama,"1080p@30fps, gyro-EIS","Wi-Fi 802.11 a/b/g/n/ac/6e, dual-band, Wi-Fi Direct","5.2, A2DP, LE, aptX HD","GPS (L1), GLONASS (L1), BDS (B1I+B1c), GALILEO (E1+E5a), QZSS (L1)",Yes,No,"USB Type-C 3.1, OTG","Fingerprint (under display, optical), accelerometer, gyro, proximity, compass, color spectrum","Oppo Find X5 Pro Dimensity model has no MariSilicon X image chip, 5-axis OIS and Hasselblad’s color calibration","Li-Po 5000 mAh, non-removable","Ceramic Black, Ceramic White, Blue (eco leather)","PFEM10, CPH2305, PFFM20",,AnTuTu: 1012896 (v9),
https://www.gsmarena.com/oppo_find_x5-11378.php,https://fdn2.gsmarena.com/vv/bigpic/oppo-find-x5.jpg,Oppo Find X5,"Released 2022, March 14","196g, 8.7mm thickness","Android 12, up to Android 13, ColorOS 13","128GB/256GB storage, no card slot","6.55""",1080x2400 pixels,8/12 GB RAM,4800 mAh Li-Po,GSM 850 / 900 / 1800 / 1900 - SIM 1 & SIM 2,HSDPA 800 / 850 / 900 / 1700(AWS) / 1900 / 2100,"1, 2, 3, 4, 5, 7, 8, 12, 13, 17, 18, 19, 20, 25, 26, 28, 32, 34, 38, 39, 40, 41, 42, 66 - Global","1, 3, 5, 7, 8, 12, 13, 18, 20, 26, 28, 38, 40, 41, 66, 77, 78 SA/NSA - Global","HSPA, LTE-A, 5G","2022, February 24","Available. Released 2022, March 14",160.3 x 72.6 x 8.7 mm (6.31 x 2.86 x 0.34 in),196 g (6.91 oz),"Glass front (Gorilla Glass Victus), glass back, aluminum frame",Nano-SIM and eSIM,"AMOLED, 1B colors, 120Hz, HDR10+, 500 nits (typ), 800 nits (HBM), 1000 nits (peak)","6.55 inches, 103.6 cm(~89.0% screen-to-body ratio)","1080 x 2400 pixels, 20:9 ratio (~402 ppi density)",Corning Gorilla Glass Victus,"Android 12, upgradable to Android 13, ColorOS 13",Qualcomm SM8350 Snapdragon 888 5G (5 nm),Octa-core (1x2.84 GHz Cortex-X1 & 3x2.42 GHz Cortex-A78 & 4x1.80 GHz Cortex-A55,Adreno 660,No,"128GB 8GB RAM, 256GB 8GB RAM, 256GB 12GB RAM",UFS 3.1,"50 MP, f/1.8, 24mm (wide), 1/1.56"", 1.0µm, multi-directional PDAF, OIS","Hasselblad Color Calibration, LED flash, HDR, panorama","4K@30/60fps, 1080p@30/60/240fps; gyro-EIS; HDR, 10‑bit video","32 MP, f/2.4, 25mm (wide), 1/2.74"", 0.8µm",Panorama,"1080p@30fps, gyro-EIS","Wi-Fi 802.11 a/b/g/n/ac/6, dual-band, Wi-Fi Direct","5.2, A2DP, LE, aptX HD","GPS (L1), GLONASS (L1), BDS (B1I+B1c), GALILEO (E1+E5a), QZSS (L1)",Yes,No,"USB Type-C 3.1, OTG","Fingerprint (under display, optical), accelerometer, gyro, proximity, compass, color spectrum","Li-Po 4800 mAh, non-removable","Black, White, Purple","PFFM10, CPH2307",,AnTuTu: 810715 (v9),
https://www.gsmarena.com/oppo_find_x5_lite-11323.php,https://fdn2.gsmarena.com/vv/bigpic/oppo-find-x5-lite.jpg,Oppo Find X5 Lite,"Released 2022, March 24","173g, 7.8mm thickness","Android 11, ColorOS 12","256GB storage, microSDXC","6.43""",1080x2400 pixels,8 GB RAM,4500 mAh Li-Po,GSM 850 / 900 / 1800 / 1900 - SIM 1 & SIM 2,HSDPA 800 / 850 / 900 / 1700(AWS) / 1900 / 2100,"1, 2, 3, 4, 5, 7, 8, 12, 17, 18, 19, 20, 26, 28, 38, 39, 40, 41, 66","1, 3, 5, 7, 8, 20, 28, 38, 40, 41, 66, 77, 78 SA/NSA","HSPA, LTE-A (CA), 5G","2022, February 24","Available. Released 2022, March 24",160.6 x 73.2 x 7.8 mm (6.32 x 2.88 x 0.31 in),173 g (6.10 oz),"Dual SIM (Nano-SIM, dual stand-by)","AMOLED, 90Hz, HDR10+, 430 nits (typ), 600 nits (HDR), 800 nits (peak)","6.43 inches, 99.8 cm(~84.9% screen-to-body ratio)","1080 x 2400 pixels, 20:9 ratio (~409 ppi density)",Corning Gorilla Glass 5,"Android 11, ColorOS 12",Mediatek MT6877 Dimensity 900 (6 nm),Octa-core (2x2.4 GHz Cortex-A78 & 6x2.0 GHz Cortex-A55),Mali-G68 MC4,microSDXC,256GB 8GB RAM,UFS 2.2,"64 MP, f/1.7, 26mm (wide), 1/2.0"", 0.7µm, PDAF","LED flash, HDR, panorama","4K@30fps, 1080p@30/60/120fps, gyro-EIS","32 MP, f/2.4, 24mm (wide)",Panorama,"1080p@30/120fps, gyro-EIS","Wi-Fi 802.11 a/b/g/n/ac/6, dual-band, Wi-Fi Direct","5.2, A2DP, LE, aptX HD","GPS, GLONASS, BDS, GALILEO, QZSS",Yes,No,"USB Type-C 2.0, OTG","Fingerprint (under display, optical), accelerometer, gyro, proximity, compass","Li-Po 4500 mAh, non-removable","Starlight Black, Startrails Blue",CPH2371,,"AnTuTu: 407040 (v8), 479608 (v9)",
https://www.gsmarena.com/oppo_pad-11322.php,https://fdn2.gsmarena.com/vv/bigpic/oppo-pad.jpg,Oppo Pad,"Released 2022, March 03","507g / 510g, 7.1mm thickness","Android 11, ColorOS 12","128GB/256GB storage, no card slot","11.0""",1600x2560 pixels,6/8 GB RAM,8360 mAh Li-Po,N/A,N/A,N/A,No,No,"2022, February 24","Available. Released 2022, March 03",252.2 x 163.8 x 7.1 mm (9.93 x 6.45 x 0.28 in),507 g / 510 g (1.12 lb),No,"IPS LCD, 120Hz, 480 nits","11.0 inches, 350.9 cm(~84.9% screen-to-body ratio)","1600 x 2560 pixels, 16:10 ratio (~274 ppi density)","Android 11, ColorOS 12",Qualcomm SM8250-AC Snapdragon 870 5G (7 nm),Octa-core (1x3.2 GHz Kryo 585 & 3x2.42 GHz Kryo 585 & 4x1.80 GHz Kryo 585),Adreno 650,No,"128GB 6GB RAM, 256GB 6GB RAM, 256GB 8GB RAM",UFS 3.1,"13 MP, f/2.2, 26mm (wide), AF","LED flash, panorama",1080p@30fps,"8 MP, f/2.0, 27mm (wide)",1080p@30fps,"Wi-Fi 802.11 a/b/g/n/ac/6, dual-band, Wi-Fi Direct","5.1, A2DP, LE, aptX HD",No,No,No,"USB Type-C 2.0, OTG","Accelerometer, gyro, proximity","Li-Po 8360 mAh, non-removable","Black, Silver, Purple",OPD2101,About 310 EUR
https://www.gsmarena.com/oppo_a76-11367.php,https://fdn2.gsmarena.com/vv/bigpic/oppo-a36.jpg,Oppo A76,"Released 2022, February 18","189g, 8.4mm thickness","Android 11, ColorOS 11.1","128GB storage, microSDXC","6.56""",720x1612 pixels,4/6 GB RAM,5000 mAh Li-Po,GSM 850 / 900 / 1800 / 1900 - SIM 1 & SIM 2,HSDPA 850 / 900 / 2100,LTE (unspecified),"HSPA, LTE-A","2022, February 17","Available. Released 2022, February 18",164.4 x 75.7 x 8.4 mm (6.47 x 2.98 x 0.33 in),189 g (6.67 oz),"Dual SIM (Nano-SIM, dual stand-by)","IPS LCD, 90Hz, 480 nits (typ), 600 nits (HBM)","6.56 inches, 103.4 cm(~83.1% screen-to-body ratio)","720 x 1612 pixels, 20:9 ratio (~269 ppi density)","Android 11, ColorOS 11.1",Qualcomm SM6225 Snapdragon 680 4G (6 nm),Octa-core (4x2.4 GHz Kryo 265 Gold & 4x1.9 GHz Kryo 265 Silver),Adreno 610,microSDXC,"128GB 4GB RAM, 128GB 6GB RAM",UFS 2.1,"13 MP, f/2.2, 26mm (wide), 1/3.06"", 1.12µm, PDAF","LED flash, HDR, panorama",1080p@30fps,"8 MP, f/2.0, (wide)",HDR,1080p@30fps,"Wi-Fi 802.11 a/b/g/n/ac, dual-band, Wi-Fi Direct","5.0, A2DP, LE, aptX HD","GPS, GLONASS, GALILEO, BDS, QZSS",No,No,"USB Type-C 2.0, OTG","Fingerprint (side-mounted), accelerometer, proximity, compass","Li-Po 5000 mAh, non-removable","Glowing Black, Glowing Blue",CPH2375,
https://www.gsmarena.com/oppo_reno7_5g-11350.php,https://fdn2.gsmarena.com/vv/bigpic/oppo-reno7.jpg,Oppo Reno7 5G,"Released 2022, February 17","173g, 7.8mm thickness","Android 11, ColorOS 12","128GB/256GB storage, microSDXC","6.43""",1080x2400 pixels,8 GB RAM,4500 mAh Li-Po,GSM 850 / 900 / 1800 / 1900 - SIM 1 & SIM 2,HSDPA 800 / 850 / 900 / 1700(AWS) / 1900 / 2100,"1, 2, 3, 4, 5, 7, 8, 12, 17, 18, 19, 20, 26, 28, 38, 39, 40, 41, 66","1, 3, 5, 7, 8, 20, 28, 38, 40, 41, 66, 77, 78 SA/NSA","HSPA, LTE-A (CA), 5G","2022, February 04","Available. Released 2022, February 17",160.6 x 73.2 x 7.8 mm (6.32 x 2.88 x 0.31 in),173 g (6.10 oz),"Dual SIM (Nano-SIM, dual stand-by)","AMOLED, 90Hz, HDR10+, 430 nits (typ), 600 nits (HBM), 800 nits (peak)","6.43 inches, 99.8 cm(~84.9% screen-to-body ratio)","1080 x 2400 pixels, 20:9 ratio (~409 ppi density)",Corning Gorilla Glass 5,"Android 11, ColorOS 12",Mediatek MT6877 Dimensity 900 (6 nm),Octa-core (2x2.4 GHz Cortex-A78 & 6x2.0 GHz Cortex-A55),Mali-G68 MC4,microSDXC,"128GB 8GB RAM, 256GB 8GB RAM",UFS 2.2,"64 MP, f/1.7, 26mm (wide), 1/2.0"", 0.7µm, PDAF","LED flash, HDR, panorama","4K@30fps, 1080p@30/60/120fps, gyro-EIS","32 MP, f/2.4, 24mm (wide), 1/2.74"", 0.8µm",Panorama,"1080p@30fps, gyro-EIS","Wi-Fi 802.11 a/b/g/n/ac/6, dual-band, Wi-Fi Direct","5.2, A2DP, LE, aptX HD","GPS, GLONASS, BDS, GALILEO, QZSS",Yes,No,"USB Type-C 2.0, OTG","Fingerprint (under display, optical), accelerometer, gyro, proximity, compass","Li-Po 4500 mAh, non-removable","Stary Black, Startrails Blue",CPH2371,,"AnTuTu: 407040 (v8), 479608 (v9)",
https://www.gsmarena.com/oppo_reno6_lite-11196.php,https://fdn2.gsmarena.com/vv/bigpic/oppo-reno6-lite.jpg,Oppo Reno6 Lite,"Released 2022, January 17","175g, 8mm thickness","Android 11, ColorOS 11.1","128GB storage, microSDXC","6.43""",1080x2400 pixels,6 GB RAM,5000 mAh Li-Po,GSM 850 / 900 / 1800 / 1900 - SIM 1 & SIM 2,HSDPA 850 / 900 / 1700(AWS) / 1900 / 2100,"1, 2, 3, 4, 5, 26, 7, 8, 12, 17, 28, 38, 41, 66","HSPA, LTE-A","2022, January 17","Available. Released 2022, January 17",160.3 x 73.8 x 8 mm (6.31 x 2.91 x 0.31 in),175 g (6.17 oz),"Dual SIM (Nano-SIM, dual stand-by)","AMOLED, 430 nits (typ), 600 nits (HDM), 800 nits (peak)","6.43 inches, 99.8 cm(~84.4% screen-to-body ratio)","1080 x 2400 pixels, 20:9 ratio (~409 ppi density)","Android 11, ColorOS 11.1",Qualcomm SM6115 Snapdragon 662 (11 nm),Octa-core (4x2.0 GHz Kryo 260 Gold & 4x1.8 GHz Kryo 260 Silver),Adreno 610,microSDXC (dedicated slot),128GB 6GB RAM,"48 MP, f/1.7, 26mm (wide), 1/2.0"", 0.8µm, PDAF","LED flash, HDR, panorama",1080p@30fps,"16 MP, f/2.4, 27mm (wide), 1/3.09"", 1.0µm",Panorama,1080p@30fps,"Wi-Fi 802.11 a/b/g/n/ac, dual-band, Wi-Fi Direct","5.0, A2DP, LE, aptX","GPS, GLONASS, GALILEO, BDS",No,Unspecified,"USB Type-C 2.0, OTG","Fingerprint (under display, optical), accelerometer, gyro, proximity, compass","Li-Po 5000 mAh, non-removable","Black, Rainbow Silver",CPH2365,About 380 EUR
https://www.gsmarena.com/oppo_a96_(china)-11316.php,https://fdn2.gsmarena.com/vv/bigpic/oppo-a96.jpg,Oppo A96 (China),"Released 2022, January 12","171g, 7.5mm thickness","Android 11, ColorOS 12","128GB/256GB storage, microSDXC","6.43""",1080x2400 pixels,8/12 GB RAM,4500 mAh Li-Po,GSM 850 / 900 / 1800 / 1900 - SIM 1 & SIM 2,HSDPA 800 / 850 / 900 / 1700(AWS) / 1900 / 2100,"1, 3, 5, 7, 8, 28, 34, 38, 39, 40, 41","1, 8, 28, 41, 77, 78 SA/NSA","HSPA, LTE-A (CA), 5G","2022, January 12","Available. Released 2022, January 12",159.9 x 73.2 x 7.5 mm (6.30 x 2.88 x 0.30 in),171 g (6.03 oz),"Dual SIM (Nano-SIM, dual stand-by)","OLED, 430 nits (typ), 600 nits (HDR)","6.43 inches, 99.8 cm(~85.3% screen-to-body ratio)","1080 x 2400 pixels, 20:9 ratio (~409 ppi density)","Android 11, ColorOS 12",Qualcomm SM6375 Snapdragon 695 5G (6 nm),Octa-core (2x2.2 GHz Kryo 660 Gold & 6x1.7 GHz Kryo 660 Silver),Adreno 619,microSDXC,"128GB 8GB RAM, 256GB 8GB RAM, 256GB 12GB RAM",UFS 2.2,"48 MP, f/1.7, 26mm (wide), PDAF","LED flash, HDR, panorama","1080p@30fps, gyro-EIS","16 MP, f/2.4, 27mm (wide), 1.0µm",HDR,1080p@30fps,"Wi-Fi 802.11 a/b/g/n/ac, dual-band, Wi-Fi Direct","5.1, A2DP, LE, aptX HD","GPS, GLONASS, BDS, GALILEO, QZSS",No,No,"USB Type-C 2.0, OTG","Fingerprint (under display, optical), accelerometer, gyro, proximity, compass","Li-Po 4500 mAh, non-removable","Black, Blue, Pink",PFUM10,About 280 EUR
https://www.gsmarena.com/oppo_a36-11314.php,https://fdn2.gsmarena.com/vv/bigpic/oppo-a36.jpg,Oppo A36,"Released 2022, January 14","185g, 8.4mm thickness","Android 11, ColorOS 11.1","128GB/256GB storage, microSDXC","6.56""",720x1612 pixels,6/8 GB RAM,5000 mAh Li-Po,GSM 850 / 900 / 1800 / 1900 - SIM 1 & SIM 2,HSDPA 850 / 900 / 2100,"1, 3, 5, 8, 34, 38, 39, 40, 41","HSPA, LTE-A","2022, January 10","Available. Released 2022, January 14",164.4 x 75.7 x 8.4 mm (6.47 x 2.98 x 0.33 in),185 g (6.53 oz),"Dual SIM (Nano-SIM, dual stand-by)","IPS LCD, 90Hz, 480 nits (typ), 600 nits (HBM)","6.56 inches, 103.4 cm(~83.1% screen-to-body ratio)","720 x 1612 pixels, 20:9 ratio (~269 ppi density)","Android 11, ColorOS 11.1",Qualcomm SM6225 Snapdragon 680 4G (6 nm),Octa-core (4x2.4 GHz Kryo 265 Gold & 4x1.9 GHz Kryo 265 Silver),Adreno 610,microSDXC,"128GB 6GB RAM, 128GB 8GB RAM, 256GB 8GB RAM",UFS 2.2,"13 MP, f/2.2, 26mm (wide), 1/3.06"", 1.12µm, PDAF","LED flash, HDR, panorama",1080p@30fps,"8 MP, f/2.0, (wide)",HDR,1080p@30fps,"Wi-Fi 802.11 a/b/g/n/ac, dual-band, Wi-Fi Direct","5.0, A2DP, LE, aptX HD","GPS, GLONASS, GALILEO, BDS, QZSS",No,No,"USB Type-C 2.0, OTG","Fingerprint (side-mounted), accelerometer, proximity, compass","Li-Po 5000 mAh, non-removable","Black, Blue",PESM10,About 220 EUR
https://www.gsmarena.com/oppo_a11s-11288.php,https://fdn2.gsmarena.com/vv/bigpic/oppo-a11s.jpg,Oppo A11s,"Released 2021, December 27","186g, 8.4mm thickness","Android 10, ColorOS 7.2","128GB/64GB storage, microSDXC","6.5""",720x1600 pixels,4/8 GB RAM,5000 mAh Li-Po,GSM 850 / 900 / 1800 / 1900 - SIM 1 & SIM 2,HSDPA 850 / 900 / 2100,"1, 3, 5, 8, 38, 39, 40, 41","HSPA, LTE-A","2021, December 27","Available. Released 2021, December 27",163.9 x 75.1 x 8.4 mm (6.45 x 2.96 x 0.33 in),186 g (6.56 oz),"Dual SIM (Nano-SIM, dual stand-by)","IPS LCD, 90Hz, 480 nits (typ)","6.5 inches, 102.0 cm(~82.9% screen-to-body ratio)","720 x 1600 pixels, 20:9 ratio (~270 ppi density)","Android 10, ColorOS 7.2",Qualcomm SM4250 Snapdragon 460 (11 nm),Octa-core (4x1.8 GHz Kryo 240 & 4x1.6 GHz Kryo 240),Adreno 610,microSDXC (dedicated slot),"64GB 4GB RAM, 128GB 4GB RAM, 128GB 8GB RAM",eMMC 5.1,"13 MP, f/2.2, 25mm (wide), 1/3.06"", 1.12µm, PDAF","LED flash, HDR, panorama",1080p@30fps,"8 MP, f/2.0, (wide)",HDR,1080p@30fps,"Wi-Fi 802.11 a/b/g/n/ac, dual-band, Wi-Fi Direct","5.0, A2DP, LE, aptX HD","GPS, GLONASS, GALILEO, BDS",No,Unspecified,"USB Type-C 2.0, OTG","Fingerprint (rear-mounted), accelerometer, proximity, compass","Li-Po 5000 mAh, non-removable","Gray, White",About 140 EUR
https://www.gsmarena.com/oppo_k9x-11235.php,https://fdn2.gsmarena.com/vv/bigpic/oppo-k9x.jpg,Oppo K9x,"Released 2021, December 27","194g, 8.8mm thickness","Android 11, ColorOS 11.1","128GB/256GB storage, microSDXC","6.49""",1080x2400 pixels,6/8 GB RAM,5000 mAh Li-Po,GSM 850 / 900 / 1800 / 1900 - SIM 1 & SIM 2,HSDPA 800 / 850 / 900 / 1700(AWS) / 1900 / 2100,"1, 2, 3, 5, 7, 8, 28, 34, 38, 39, 40, 41","1, 28, 41, 77, 78 SA/NSA","HSPA, LTE-A, 5G","2021, December 23","Available. Released 2021, December 27",162.2 x 74.8 x 8.8 mm (6.39 x 2.94 x 0.35 in),194 g (6.84 oz),"Dual SIM (Nano-SIM, dual stand-by)","IPS LCD, 90Hz, 480 nits (typ), 600 nits (HBM)","6.49 inches, 102.2 cm(~84.2% screen-to-body ratio)","1080 x 2400 pixels, 20:9 ratio (~405 ppi density)",Aluminosilicate glass,"Android 11, ColorOS 11.1",Mediatek MT6833P Dimensity 810 (6 nm),Octa-core (2x2.4 GHz Cortex-A76 & 6x2.0 GHz Cortex-A55),Mali-G57 MC2,microSDXC,"128GB 6GB RAM, 128GB 8GB RAM, 256GB 8GB RAM",UFS 2.2,"64 MP, f/1.7, 26mm (wide), 1/1.97”, 0.7µm, PDAF","LED flash, HDR, panorama","1080p@30fps, gyro-EIS","16 MP, f/2.0, 26mm (wide), 1/3.0”, 1.0µm",1080p@30fps,"Wi-Fi 802.11 a/b/g/n/ac, dual-band, Wi-Fi Direct","5.1, A2DP, LE, aptX","GPS, GLONASS, GALILEO, BDS",No,No,"USB Type-C 2.0, OTG","Fingerprint (side-mounted), accelerometer, gyro, proximity, compass","Li-Po 5000 mAh, non-removable","Black, Blue",PGCM10,About 190 EUR
https://www.gsmarena.com/oppo_find_n-11267.php,https://fdn2.gsmarena.com/vv/bigpic/oppo-find-n.jpg,Oppo Find N,"Released 2021, December 17","275g, 8mm thickness","Android 11, ColorOS 12","256GB/512GB storage, no card slot","7.1""",1792x1920 pixels,8/12 GB RAM,4500 mAh Li-Po,GSM 850 / 900 / 1800 / 1900 - SIM 1 & SIM 2,HSDPA 800 / 850 / 900 / 1700(AWS) / 1900 / 2100,"1, 2, 3, 4, 5, 7, 8, 12, 17, 18, 19, 20, 26, 28, 34, 38, 39, 40, 41, 66","1, 3, 5, 7, 8, 20, 28, 38, 41, 66, 77, 78 SA/NSA","HSPA, LTE-A (CA), 5G","2021, December 15","Available. Released 2021, December 17",Unfolded: 132.6 x 140.2 x 8.0 mmFolded: 132.6 x 73 x 15.9 mm,275 g (9.70 oz),"Glass front (Gorilla Glass Victus) - folded, plastic front - unfolded, glass back (Gorilla Glass Victus), aluminum frame","Dual SIM (Nano-SIM, dual stand-by)","Foldable LTPO AMOLED, 120Hz, HDR10+, 500 nits (typ), 800 nits (HBM), 1000 nits (peak)","7.1 inches, 162.2 cm(~87.3% screen-to-body ratio)",1792 x 1920 pixels (~370 ppi density),Cover display:,"Android 11, ColorOS 12",Qualcomm SM8350 Snapdragon 888 5G (5 nm),Octa-core (1x2.84 GHz Cortex-X1 & 3x2.42 GHz Cortex-A78 & 4x1.80 GHz Cortex-A55),Adreno 660,No,"256GB 8GB RAM, 512GB 12GB RAM",UFS 3.1,"50 MP, f/1.8, 24mm (wide), 1/1.56"", 1.0µm, multi-directional PDAF, OIS","Dual-LED dual-tone flash, HDR, panorama","4K@30/60fps, 1080p@30/60/240fps, gyro-EIS, HDR","32 MP, f/2.4, 26mm (wide), 1/2.74"", 0.8µm","HDR, panorama","1080p@30fps, gyro-EIS","Wi-Fi 802.11 a/b/g/n/ac/6, dual-band, Wi-Fi Direct","5.2, A2DP, LE, aptX HD","GPS (L1+L5), GLONASS (L1), BDS (B1I+B1c+B2a), GALILEO (E1+E5a), QZSS (L1+L5)",Yes,No,"USB Type-C 2.0, OTG","Fingerprint (side-mounted), accelerometer, dual gyro, proximity, compass, color spectrum","Li-Po 4500 mAh, non-removable","Black, White, Purple",PEUM00,About 1070 EUR,"AnTuTu: 703131 (v8), 822513 (v9)",
https://www.gsmarena.com/oppo_reno7_pro_5g-11190.php,https://fdn2.gsmarena.com/vv/bigpic/oppo-reno7-pro-r.jpg,Oppo Reno7 Pro 5G,"Released 2021, December 03","180g, 7.5mm thickness","Android 11, ColorOS 12","256GB storage, no card slot","6.55""",1080x2400 pixels,8/12 GB RAM,4500 mAh Li-Po,GSM 850 / 900 / 1800 / 1900 - SIM 1 & SIM 2,HSDPA 800 / 850 / 900 / 1700(AWS) / 1900 / 2100,"1, 2, 3, 4, 5, 7, 8, 12, 17, 18, 19, 20, 26, 28, 38, 39, 40, 41 - International","1, 3, 5, 7, 8, 38, 41, 28, 77, 78 SA/NSA - International","HSPA, LTE-A (CA), 5G","2021, November 25","Available. Released 2021, December 03",158.2 x 73.2 x 7.5 mm (6.23 x 2.88 x 0.30 in),180 g (6.35 oz),"Glass front (Gorilla Glass 5), glass back (Panda Glass)","Dual SIM (Nano-SIM, dual stand-by)",RGB notification lights around the camera island,"AMOLED, 90Hz, HDR10+, 500 nits (typ), 800 nits (HBM), 920 nits (peak)","6.55 inches, 103.6 cm(~89.4% screen-to-body ratio)","1080 x 2400 pixels, 20:9 ratio (~402 ppi density)",Corning Gorilla Glass 5,"Android 11, ColorOS 12",Mediatek Dimensity 1200 Max,Octa-core 3.0 GHz,ARM G77 MC9,No,"256GB 8GB RAM, 256GB 12GB RAM",UFS 3.1,"50 MP, f/1.8, 24mm (wide), 1/1.56"", 1.0µm, PDAF","LED flash, HDR, panorama","4K@30fps, 1080p@30/60/120fps, gyro-EIS","32 MP, f/2.4, 22mm (wide)","Panorama, HDR","1080p@30fps, gyro-EIS","Wi-Fi 802.11 a/b/g/n/ac/6, dual-band, Wi-Fi Direct","5.2, A2DP, LE, aptX HD","GPS (L1+L5), GLONASS (L1), BDS (B1I+B2a), GALILEO (E1+E5a), QZSS (L1+L5), NavIC (L5)",Yes,No,"USB Type-C 2.0, OTG","Fingerprint (under display, optical), accelerometer, gyro, proximity, compass, color spectrum","Li-Po 4500 mAh, non-removable","Starlight Black, Startrails Blue, Gold, League of Legends","PFDM00, CPH2293",
https://www.gsmarena.com/oppo_reno7_5g_(china)-11160.php,https://fdn2.gsmarena.com/vv/bigpic/oppo-reno7-r.jpg,Oppo Reno7 5G (China),"Released 2021, December 03","185g, 7.6mm thickness","Android 11, ColorOS 12","128GB/256GB storage, no card slot","6.43""",1080x2400 pixels,8/12 GB RAM,4500 mAh Li-Po,GSM 850 / 900 / 1800 / 1900 - SIM 1 & SIM 2,HSDPA 800 / 850 / 900 / 1700(AWS) / 1900 / 2100,"1, 2, 3, 4, 5, 7, 8, 28, 34, 38, 39, 40, 41","1, 28, 41, 77, 78 SA/NSA","HSPA, LTE-A (CA), 5G","2021, November 25","Available. Released 2021, December 03",156.8 x 72.1 x 7.6 mm (6.17 x 2.84 x 0.30 in),185 g (6.53 oz),"Dual SIM (Nano-SIM, dual stand-by)","AMOLED, 90Hz, 430 nits (typ), 600 nits (HDR)","6.43 inches, 99.8 cm(~88.3% screen-to-body ratio)","1080 x 2400 pixels, 20:9 ratio (~409 ppi density)",Corning Gorilla Glass 5,"Android 11, ColorOS 12",Qualcomm SM7325 Snapdragon 778G 5G (6 nm),Octa-core (1x2.4 GHz Cortex-A78 & 3x2.2 GHz Cortex-A78 & 4x1.9 GHz Cortex-A55),Adreno 642L,No,"128GB 8GB RAM, 256GB 8GB RAM, 256GB 12GB RAM",UFS 2.1,"64 MP, f/1.7, 26mm (wide), 1/2.0"", 0.7µm, PDAF","LED flash, HDR, panorama","4K@30fps, 1080p@30/60/120fps, gyro-EIS","32 MP, f/2.4, 24mm (wide), 1/2.74"", 0.8µm",Panorama,"1080p@30fps, gyro-EIS","Wi-Fi 802.11 a/b/g/n/ac/6, dual-band, Wi-Fi Direct","5.2, A2DP, LE, aptX HD","GPS, GLONASS, BDS, GALILEO, QZSS",Yes,No,"USB Type-C 2.0, OTG","Fingerprint (under display, optical), accelerometer, gyro, proximity, compass","Li-Po 4500 mAh, non-removable","Black, Blue, Gold, Red (New Year Edition)",PFJM10,About 380 EUR
https://www.gsmarena.com/oppo_reno7_se_5g-11191.php,https://fdn2.gsmarena.com/vv/bigpic/oppo-reno7-se-r.jpg,Oppo Reno7 SE 5G,"Released 2021, December 17","171g, 7.5mm thickness","Android 11, ColorOS 12","128GB/256GB storage, no card slot","6.43""",1080x2400 pixels,8 GB RAM,4500 mAh Li-Po,GSM 850 / 900 / 1800 / 1900 - SIM 1 & SIM 2,HSDPA 800 / 850 / 900 / 1700(AWS) / 1900 / 2100,"1, 2, 3, 4, 5, 7, 8, 28, 34, 38, 39, 40, 41","1, 3, 5, 8, 28, 41, 77, 78 SA/NSA","HSPA, LTE-A (CA), 5G","2021, November 25","Available. Released 2021, December 17",160.2 x 73.2 x 7.5 mm (6.31 x 2.88 x 0.30 in),171 g (6.03 oz),"Dual SIM (Nano-SIM, dual stand-by)","AMOLED, 90Hz, 430 nits (typ), 600 nits (HDR)","6.43 inches, 99.8 cm(~85.1% screen-to-body ratio)","1080 x 2400 pixels, 20:9 ratio (~409 ppi density)",Corning Gorilla Glass 5,"Android 11, ColorOS 12",Mediatek MT6877 Dimensity 900 (6 nm),Octa-core (2x2.4 GHz Cortex-A78 & 6x2.0 GHz Cortex-A55),Mali-G68 MC4,No,"128GB 8GB RAM, 256GB 8GB RAM",UFS 2.2,"48 MP, f/1.7, 26mm (wide), PDAF","LED flash, HDR, panorama","4K@30fps, 1080p@30/60/120fps, gyro-EIS","16 MP, f/2.4, 27mm (wide), 1.0µm",Panorama,"1080p@30fps, gyro-EIS","Wi-Fi 802.11 a/b/g/n/ac, dual-band, Wi-Fi Direct","5.2, A2DP, LE, aptX HD","GPS, GLONASS, BDS, GALILEO, QZSS",No,No,"USB Type-C 2.0, OTG","Fingerprint (under display, optical), accelerometer, gyro, proximity, compass","Li-Po 4500 mAh, non-removable","Black, Blue, Gold",PFCM00,About 310 EUR
https://www.gsmarena.com/oppo_a95-11195.php,https://fdn2.gsmarena.com/vv/bigpic/oppo-a95.jpg,Oppo A95,"Released 2021, November 16","175g, 8mm thickness","Android 11, ColorOS 11.1","128GB/256GB storage, microSDXC","6.43""",1080x2400 pixels,8 GB RAM,5000 mAh Li-Po,GSM 850 / 900 / 1800 / 1900 - SIM 1 & SIM 2,HSDPA 850 / 900 / 2100,"1, 3, 5, 7, 8, 20, 28, 38, 40, 41","HSPA, LTE-A","2021, November 16","Available. Released 2021, November 16",160.3 x 73.8 x 8 mm (6.31 x 2.91 x 0.31 in),175 g (6.17 oz),"Dual SIM (Nano-SIM, dual stand-by)","AMOLED, 430 nits (typ), 800 nits (peak)","6.43 inches, 99.8 cm(~84.4% screen-to-body ratio)","1080 x 2400 pixels, 20:9 ratio (~409 ppi density)","Android 11, ColorOS 11.1",Qualcomm SM6115 Snapdragon 662 (11 nm),Octa-core (4x2.0 GHz Kryo 260 Gold & 4x1.8 GHz Kryo 260 Silver),Adreno 610,microSDXC,"128GB 8GB RAM, 256GB 8GB RAM","48 MP, f/1.7, 26mm (wide), 1/2.0"", 0.8µm, PDAF","LED flash, HDR, panorama",1080p@30fps,"16 MP, f/2.4, 27mm (wide), 1/3.06"", 1.0µm",1080p@30fps,"Wi-Fi 802.11 a/b/g/n/ac, dual-band, Wi-Fi Direct","5.0, A2DP, LE, aptX","GPS, GLONASS, GALILEO, BDS",No,Unspecified,"USB Type-C 2.0, OTG","Fingerprint (under display, optical), accelerometer, gyro, proximity, compass","Li-Po 5000 mAh, non-removable","Glowing Starry Black, Glowing Rainbow Silver","CHP2365, CPH2365",About 230 EUR
https://www.gsmarena.com/oppo_a16k-11200.php,https://fdn2.gsmarena.com/vv/bigpic/oppo-a16k.jpg,Oppo A16K,"Released 2021, November 08","175g, 7.9mm thickness","Android 11, ColorOS 11.1","32GB/64GB/128GB storage, microSDXC","6.52""",720x1600 pixels,2-8 GB RAM,4230 mAh Li-Po,GSM 850 / 900 / 1800 / 1900 - SIM 1 & SIM 2,HSDPA 850 / 900 / 2100,"1, 3, 5, 7, 8, 20, 28, 38, 40, 41","HSPA, LTE-A","2021, November 08","Available. Released 2021, November 08",164 x 75.4 x 7.9 mm (6.46 x 2.97 x 0.31 in),175 g (6.17 oz),"Glass front, plastic back, plastic frame","Dual SIM (Nano-SIM, dual stand-by)","IPS LCD, 480 nits (typ)","6.52 inches, 102.6 cm(~83.0% screen-to-body ratio)","720 x 1600 pixels, 20:9 ratio (~269 ppi density)",Corning Gorilla Glass 3,"Android 11, ColorOS 11.1",Mediatek MT6765G Helio G35 (12 nm),Octa-core (4x2.3 GHz Cortex-A53 & 4x1.8 GHz Cortex-A53),PowerVR GE8320,microSDXC,"32GB 2GB RAM, 32GB 3GB RAM, 64GB 4GB RAM, 128GB 8GB RAM",eMMC 5.1,"13 MP, f/2.2, 26mm (wide), 1/3.1"", 1.12µm, PDAF","LED flash, HDR, panorama",1080p@30fps,"5 MP, f/2.4, 27mm (wide)",HDR,1080p@30fps,"Wi-Fi 802.11 a/b/g/n/ac, dual-band, Wi-Fi Direct","5.0, A2DP, LE, aptX","GPS, GLONASS, GALILEO, BDS",No,Unspecified,"microUSB 2.0, OTG","Accelerometer, proximity, compass","Li-Po 4230 mAh, non-removable","Black, Blue",CPH2349,
https://www.gsmarena.com/oppo_a54s-11144.php,https://fdn2.gsmarena.com/vv/bigpic/oppo-a16.jpg,Oppo A54s,"Released 2021, November 18","190g, 8.4mm thickness","Android 11, ColorOS 11.1","128GB storage, Unspecified","6.52""",720x1600 pixels,4/8 GB RAM,5000 mAh Li-Po,GSM 850 / 900 / 1800 / 1900 - SIM 1 & SIM 2,HSDPA 800 / 850 / 900 / 1700(AWS) / 1900 / 2100,"1, 2, 3, 4, 5, 7, 8, 12, 17, 18, 19, 20, 26, 28, 38, 39, 40, 41, 66","HSPA, LTE","2021, October 27","Available. Released 2021, November 18",163.8 x 75.6 x 8.4 mm (6.45 x 2.98 x 0.33 in),190 g (6.70 oz),"Dual SIM (Nano-SIM, dual stand-by)","IPS LCD, 480 nits (typ)","6.52 inches, 102.6 cm(~82.9% screen-to-body ratio)","720 x 1600 pixels, 20:9 ratio (~269 ppi density)","Android 11, ColorOS 11.1",Mediatek MT6765G Helio G35 (12 nm),Octa-core (4x2.3 GHz Cortex-A53 & 4x1.8 GHz Cortex-A53),PowerVR GE8320,Unspecified,"128GB 4GB RAM, 128GB 8GB RAM",eMMC 5.1,"50 MP, f/2.2, 26mm (wide), PDAF","LED flash, HDR, panorama",1080p@30fps,"8 MP, f/2.0, 26mm (wide)",HDR,1080p@30fps,"Wi-Fi 802.11 a/b/g/n/ac, dual-band, Wi-Fi Direct","5.0, A2DP, LE, aptX","GPS, GLONASS, GALILEO, BDS, QZSS",Yes (market/region dependent),Unspecified,"USB Type-C 2.0, OTG","Fingerprint (side-mounted), accelerometer, proximity, compass","Li-Po 5000 mAh, non-removable","Pearl Blue, Space Silver, Crystal Black",CPH2273,
https://www.gsmarena.com/oppo_a56_5g-11172.php,https://fdn2.gsmarena.com/vv/bigpic/oppo-a56-5g.jpg,Oppo A56 5G,"Released 2021, November 16","189.5g, 8.4mm thickness","Android 11, ColorOS 11.1","128GB storage, microSDXC","6.5""",720x1600 pixels,4/6 GB RAM,5000 mAh Li-Po,GSM 850 / 900 / 1800 / 1900 - SIM 1 & SIM 2,HSDPA 800 / 850 / 900 / 1900 / 2100,"1, 3, 5, 7, 8, 34, 38, 39, 40, 41","1, 28, 41, 77, 78","HSPA, LTE-A","2021, October 25","Available. Released 2021, November 16",163.8 x 75.6 x 8.4 mm (6.45 x 2.98 x 0.33 in),189.5 g (6.70 oz),"Dual SIM (Nano-SIM, dual stand-by)","IPS LCD, 480 nits (typ)","6.5 inches, 102.0 cm(~82.4% screen-to-body ratio)","720 x 1600 pixels, 20:9 ratio (~270 ppi density)",Panda / Corning Gorilla Glass 3,"Android 11, ColorOS 11.1",Mediatek MT6833 Dimensity 700 (7 nm),Octa-core (2x2.2 GHz Cortex-A76 & 6x2.0 GHz Cortex-A55),Mali-G57 MC2,microSDXC,"128GB 4GB RAM, 128GB 6GB RAM",UFS 2.1 / UFS 2.2,"13 MP, f/2.2, 25mm (wide), 1/3.06"", 1.12µm, PDAF","LED flash, HDR, panorama",1080p@30fps,"8 MP, f/2.0, (wide)",HDR,1080p@30fps,"Wi-Fi 802.11 a/b/g/n/ac, dual-band, Wi-Fi Direct","5.1, A2DP, LE, aptX","GPS, GLONASS, GALILEO, BDS, QZSS",No,No,"USB Type-C 2.0, OTG","Fingerprint (side-mounted), accelerometer, proximity, compass","Li-Po 5000 mAh, non-removable","Black, Blue, Violet",PFVM10,About 220 EUR
https://www.gsmarena.com/oppo_k9s-11151.php,https://fdn2.gsmarena.com/vv/bigpic/oppo-k9s-r.jpg,Oppo K9s,"Released 2021, November 01","199g, 8.5mm thickness","Android 11, ColorOS 11.2","128GB/256GB storage, microSDXC","6.59""",1080x2412 pixels,6/8 GB RAM,5000 mAh Li-Po,GSM 850 / 900 / 1800 / 1900 - SIM 1 & SIM 2,HSDPA 800 / 850 / 900 / 1700(AWS) / 1900 / 2100,"1, 3, 4, 5, 8, 19, 28, 34, 38, 39, 40, 41","1, 28, 41, 77, 78 SA/NSA","HSPA, LTE-A, 5G","2021, October 20","Available. Released 2021, November 01",164.4 x 75.9 x 8.5 mm (6.47 x 2.99 x 0.33 in),199 g (7.02 oz),"Dual SIM (Nano-SIM, dual stand-by)","IPS LCD, 120Hz, 480 nits (typ), 600 nits (HBM)","6.59 inches, 104.5 cm(~83.7% screen-to-body ratio)","1080 x 2412 pixels, 20:9 ratio (~401 ppi density)",Panda Glass,"Android 11, ColorOS 11.2",Qualcomm SM7325 Snapdragon 778G 5G (6 nm),Octa-core (1x2.4 GHz Cortex-A78 & 3x2.2 GHz Cortex-A78 & 4x1.9 GHz Cortex-A55),Adreno 642L,microSDXC,"128GB 6GB RAM, 128GB 8GB RAM, 256GB 8GB RAM",UFS 2.2,"64 MP, f/1.7, 26mm (wide), PDAF","LED flash, HDR, panorama","4K@30fps, 1080p@30/60/120fps; gyro-EIS","16 MP, f/2.0, 26mm (wide)",Panorama,"1080p@30fps, gyro-EIS","Wi-Fi 802.11 a/b/g/n/ac/6, dual-band, Wi-Fi Direct","5.2, A2DP, LE, aptX HD","GPS, GLONASS, GALILEO, BDS, QZSS",No,No,"USB Type-C 2.0, OTG","Fingerprint (side-mounted), accelerometer, gyro, proximity, compass","Li-Po 5000 mAh, non-removable","Black, Silver, Aurora",PERM10
https://www.gsmarena.com/oppo_a55-11114.php,https://fdn2.gsmarena.com/vv/bigpic/oppo-a55-4g-1.jpg,Oppo A55,"Released 2021, October 01","193g, 8.4mm thickness","Android 11, ColorOS 11.1","64GB/128GB storage, microSDXC","6.51""",720x1600 pixels,4/6 GB RAM,5000 mAh Li-Po,GSM 850 / 900 / 1800 / 1900 - SIM 1 & SIM 2,HSDPA 850 / 900 / 2100,"1, 3, 5, 8, 38, 40, 41","HSPA, LTE-A","2021, October 01","Available. Released 2021, October 01",163.6 x 75.7 x 8.4 mm (6.44 x 2.98 x 0.33 in),193 g (6.81 oz),"Dual SIM (Nano-SIM, dual stand-by)",Splash-proof,"IPS LCD, 480 nits (typ), 550 nits (peak)","6.51 inches, 102.3 cm(~82.6% screen-to-body ratio)","720 x 1600 pixels, 20:9 ratio (~270 ppi density)",NEG T2X-1,"Android 11, ColorOS 11.1",Mediatek MT6765G Helio G35 (12 nm),Octa-core (4x2.3 GHz Cortex-A53 & 4x1.8 GHz Cortex-A53),PowerVR GE8320,microSDXC (dedicated slot),"64GB 4GB RAM, 128GB 4GB RAM, 128GB 6GB RAM","50 MP, f/1.8 26mm (wide), PDAF","LED flash, HDR, panorama",1080p@30fps,"16 MP, f/2.0, 26mm (wide)",HDR,1080p@30fps,"Wi-Fi 802.11 a/b/g/n/ac, dual-band, Wi-Fi Direct","5.0, A2DP, LE, aptX","GPS, GLONASS, GALILEO, BDS, QZSS",Yes (market/region dependent),No,"USB Type-C 2.0, OTG","Fingerprint (side-mounted), accelerometer, proximity, compass","Li-Po 5000 mAh, non-removable","Rainbow Blue, Starry Black, Green",CPH2325,
https://www.gsmarena.com/oppo_f19s-11108.php,https://fdn2.gsmarena.com/vv/bigpic/oppo-f19s.jpg,Oppo F19s,"Released 2021, September 27","175g, 8mm thickness","Android 11, ColorOS 11.1","128GB storage, no card slot","6.43""",1080x2400 pixels,6 GB RAM,5000 mAh Li-Po,GSM 850 / 900 / 1800 / 1900 - SIM 1 & SIM 2,HSDPA 850 / 900 / 2100,"1, 3, 5, 8, 38, 40, 41","HSPA, LTE-A","2021, September 27","Available. Released 2021, September 27",160.3 x 73.8 x 8 mm (6.31 x 2.91 x 0.31 in),175 g (6.17 oz),"Dual SIM (Nano-SIM, dual stand-by)","AMOLED, 430 nits (typ), 800 nits (peak)","6.43 inches, 99.8 cm(~84.4% screen-to-body ratio)","1080 x 2400 pixels, 20:9 ratio (~409 ppi density)","Android 11, ColorOS 11.1",Qualcomm SM6115 Snapdragon 662 (11 nm),Octa-core (4x2.0 GHz Kryo 260 Gold & 4x1.8 GHz Kryo 260 Silver),Adreno 610,No,128GB 6GB RAM,"48 MP, f/1.7, 26mm (wide), PDAF","LED flash, panorama","1080p@30fps, gyro-EIS","16 MP, f/2.4, 27mm (wide), 1/3.09"", 1.0µm",1080p@30fps,"Wi-Fi 802.11 a/b/g/n/ac, dual-band, Wi-Fi Direct","5.0, A2DP, LE, aptX","GPS, GLONASS, GALILEO, BDS",No,FM radio,"USB Type-C 2.0, OTG","Fingerprint (under display, optical), accelerometer, gyro, proximity, compass","Li-Po 5000 mAh, non-removable","Glowing Black, Glowing Gold","CPH2219, CPH2223",
https://www.gsmarena.com/oppo_k9_pro-11111.php,https://fdn2.gsmarena.com/vv/bigpic/oppo-k9-pro.jpg,Oppo K9 Pro,"Released 2021, October 20","180g, 8.5mm thickness","Android 11, ColorOS 11.3","128GB/256GB storage, no card slot","6.43""",1080x2400 pixels,8/12 GB RAM,4500 mAh Li-Po,GSM 850 / 900 / 1800 / 1900 - SIM 1 & SIM 2,HSDPA 800 / 850 / 900 / 1700(AWS) / 1900 / 2100,"1, 2, 3, 4, 5, 7, 8, 28, 34, 38, 39, 40, 41","1, 28, 41, 77, 78 SA/NSA","HSPA, LTE-A, 5G","2021, September 26","Available. Released 2021, October 20",158.7 x 73.5 x 8.5 mm (6.25 x 2.89 x 0.33 in),180 g (6.35 oz),"Dual SIM (Nano-SIM, dual stand-by)","AMOLED, 120Hz, HDR10, 430 nits (typ), 800 nits (peak)","6.43 inches, 99.8 cm(~85.6% screen-to-body ratio)","1080 x 2400 pixels, 20:9 ratio (~409 ppi density)","Android 11, ColorOS 11.3",Mediatek MT6893 Dimensity 1200 (6 nm),Octa-core (1x3.0 GHz Cortex-A78 & 3x2.6 GHz Cortex-A78 & 4x2.0 GHz Cortex-A55),Mali-G77 MC9,No,"128GB 8GB RAM, 256GB 12GB RAM, 256GB 8GB RAM",UFS 3.1,"64 MP, f/1.7, 26mm (wide), PDAF","Dual-LED dual-tone flash, HDR, panorama","4K@30fps, 1080p@30/60/120fps; gyro-EIS","16 MP, f/2.4, (wide)","1080p@30fps, gyro-EIS","Wi-Fi 802.11 a/b/g/n/ac/6, dual-band, Wi-Fi Direct","5.2, A2DP, LE, aptX HD","GPS, GLONASS, GALILEO, BDS, QZSS",Yes,No,"USB Type-C 2.0, OTG","Fingerprint (under display, optical), accelerometer, gyro, proximity, compass","Li-Po 4500 mAh, non-removable","Black, Aurora",PEYM00,About 360 EUR
https://www.gsmarena.com/oppo_reno6_pro_5g_(snapdragon)-11093.php,https://fdn2.gsmarena.com/vv/bigpic/oppo-reno6-pro-plus.jpg,Oppo Reno6 Pro 5G (Snapdragon),"Released 2021, September 09","188g, 8mm thickness","Android 11, up to Android 12, ColorOS 12","256GB storage, no card slot","6.55""",1080x2400 pixels,12 GB RAM,4500 mAh Li-Po,GSM 850 / 900 / 1800 / 1900 - SIM 1 & SIM 2,HSDPA 800 / 850 / 900 / 1700(AWS) / 1900 / 2100,"1, 2, 3, 4, 5, 7, 8, 12, 17, 18, 19, 20, 26, 28, 32, 38, 39, 40, 41, 66","1, 3, 5, 7, 8, 20, 28, 38, 40, 41, 77, 78 SA/NSA","HSPA, LTE-A (CA), 5G","2021, September 09","Available. Released 2021, September 09",160.8 x 72.5 x 8 mm (6.33 x 2.85 x 0.31 in),188 g (6.63 oz),"Glass front, aluminum frame, glass back","Dual SIM (Nano-SIM, dual stand-by)","Super AMOLED, 90Hz, HDR10+, 500 nits (typ), 800 nits (HDR), 1100 nits (peak)","6.55 inches, 103.6 cm(~88.8% screen-to-body ratio)","1080 x 2400 pixels, 20:9 ratio (~402 ppi density)","Android 11, upgradable to Android 12, ColorOS 12",Qualcomm SM8250-AC Snapdragon 870 5G (7 nm),Octa-core (1x3.2 GHz Kryo 585 & 3x2.42 GHz Kryo 585 & 4x1.80 GHz Kryo 585),Adreno 650,No,256GB 12GB RAM,UFS 3.1,"50 MP, f/1.8, 24mm (wide), 1/1.56"", 1.0µm, multi-directional PDAF, OIS","Dual LED flash, HDR, panorama","4K@30/60fps, 1080p@30/60/120fps; gyro-EIS, HDR","32 MP, f/2.4, 26mm (wide), 1/2.8"", 0.8µm",Panorama,"1080p@30fps, gyro-EIS","Wi-Fi 802.11 a/b/g/n/ac/6, dual-band, Wi-Fi Direct","5.2, A2DP, LE, aptX HD","GPS (L1+L5), GLONASS (G1), BDS (B1I+B2a), GALILEO (E1+E5a), QZSS (L1+L5)",Yes,No,"USB Type-C 2.0, OTG","Fingerprint (under display, optical), accelerometer, gyro, proximity, compass, color spectrum","Li-Po 4500 mAh, non-removable","Arctic Blue, Lunar Grey",CPH2247,,AnTuTu: 671577 (v9),
https://www.gsmarena.com/oppo_reno6-11028.php,https://fdn2.gsmarena.com/vv/bigpic/oppo-reno6-4g.jpg,Oppo Reno6,"Released 2021, July 27","173g, 7.8mm thickness","Android 11, ColorOS 11.1","128GB storage, microSDXC","6.4""",1080x2400 pixels,8 GB RAM,4310 mAh Li-Po,GSM 850 / 900 / 1800 / 1900 - SIM 1 & SIM 2,HSDPA 850 / 900 / 2100,"1, 3, 5, 7, 8, 38, 40, 41","HSPA, LTE-A","2021, July 27","Available. Released 2021, July 27",159.1 x 73.3 x 7.8 mm (6.26 x 2.89 x 0.31 in),173 g (6.10 oz),"Dual SIM (Nano-SIM, dual stand-by)","AMOLED, 90Hz, 430 nits (typ), 600 nits (HBM), 750 nits (peak)","6.4 inches, 98.9 cm(~84.8% screen-to-body ratio)","1080 x 2400 pixels, 20:9 ratio (~411 ppi density)","Android 11, ColorOS 11.1",Qualcomm SM7125 Snapdragon 720G (8 nm),Octa-core (2x2.3 GHz Kryo 465 Gold & 6x1.8 GHz Kryo 465 Silver),Adreno 618,microSDXC,128GB 8GB RAM,"64 MP, f/1.7, 26mm (wide), 1/2.0"", 0.7µm, PDAF","Dual-LED dual-tone flash, HDR, panorama","4K@30fps, 1080p@30/60/120fps","44 MP, f/2.4, 24mm (wide)","1080p@30/120fps, gyro-EIS","Wi-Fi 802.11 a/b/g/n/ac, dual-band, Wi-Fi Direct","5.1, A2DP, LE, aptX HD","GPS, GLONASS, BDS, GALILEO, QZSS",Yes (market/region dependent),Unspecified,,"Fingerprint (under display, optical), accelerometer, gyro, proximity, compass","Li-Po 4310 mAh, non-removable","Aurora, Stellar Black",CPH2235,
https://www.gsmarena.com/oppo_watch_2-11026.php,https://fdn2.gsmarena.com/vv/bigpic/oppo-watch-2.jpg,Oppo Watch 2,"Released 2021, July 27","35g (46mm) / 31g (42mm), 11.6mm thickness",Android Wear OS - International,"8GB storage, no card slot","1.91""",402x476 pixels,1 GB RAM,510 mAh Li-Ion,N/A,HSDPA 850 / 900 / 2100,"1, 3, 5, 8, 34, 38, 39, 40, 41 - China","HSPA, LTE","2021, July 27","Available. Released 2021, July 27",46.4 x 38.5 x 11.6 mm (1.83 x 1.52 x 0.46 in),35 g (46mm) / 31 g (42mm) (1.09 oz),"Glass front, aluminum frame",eSIM (market/region dependent),5ATM water resistant,AMOLED,1.91 inches,402 x 476 pixels (~326 ppi density),Android Wear OS - InternationalColorOS Watch 2.0 - China,Qualcomm Snapdragon Wear 4100 (12 nm),Quad-core 1.7 GHz Cortex-A53,Adreno 504,No,8GB 1GB RAM,eMMC 4.5,No,Wi-Fi 802.11 b/g/n,"5.0, A2DP, LE","GPS, GLONASS, GALILEO, BDS",Yes,No,No,"Accelerometer, gyro, heart rate, compass, barometer, SpO2","Li-Ion 510 mAh, non-removable","Star Blue, Platinum Black, Rose Gold",OW20W2,About 170 EUR
https://www.gsmarena.com/oppo_reno6_z-10978.php,https://fdn2.gsmarena.com/vv/bigpic/oppo-reno-6z-.jpg,Oppo Reno6 Z,"Released 2021, August 14","173g, 7.9mm thickness","Android 11, up to Android 12, ColorOS 12","128GB/256GB storage, microSDXC","6.4""",1080x2400 pixels,8 GB RAM,4310 mAh Li-Po,GSM 850 / 900 / 1800 / 1900 - SIM 1 & SIM 2 (dual-SIM model only),HSDPA 850 / 900 / 1700(AWS) / 1900 / 2100,"1, 2, 3, 4, 5, 7, 8, 18, 19, 20, 26, 28, 38, 39, 40, 41, 66","1, 3, 5, 7, 8, 28, 38, 40, 41, 77, 78 SA/NSA","HSPA, LTE-A, 5G","2021, July 20","Available. Released 2021, August 14",160.2 x 73.4 x 7.9 mm (6.31 x 2.89 x 0.31 in),173 g (6.10 oz),"Single SIM (Nano-SIM) or Dual SIM (Nano-SIM, dual stand-by)","AMOLED, 430 nits (typ), 600 nits (HDM), 800 nits (peak)","6.4 inches, 98.9 cm(~84.1% screen-to-body ratio)","1080 x 2400 pixels, 20:9 ratio (~411 ppi density)","Android 11, upgradable to Android 12, ColorOS 12",Mediatek MT6853 Dimensity 800U (7 nm),Octa-core (2x2.4 GHz Cortex-A76 & 6x2.0 GHz Cortex-A55),Mali-G57 MC3,microSDXC,"128GB 8GB RAM, 256GB 8GB RAM","64 MP, f/1.7, 25mm (wide), PDAF","LED flash, HDR, panorama","4K@30fps, 1080p@30/120fps, gyro-EIS","32 MP, f/2.4, 24mm (wide)",HDR,1080p@30fps,"Wi-Fi 802.11 a/b/g/n/ac, dual-band, Wi-Fi Direct","5.1, A2DP, LE, aptX HD","GPS, GLONASS, BDS, GALILEO, QZSS",Yes (market/region dependent),Unspecified,"USB Type-C 2.0, OTG","Fingerprint (under display, optical), accelerometer, gyro, proximity, compass","Li-Po 4310 mAh, non-removable","Black, Aurora",CPH2237,About 350 EUR
https://www.gsmarena.com/oppo_a16s-11295.php,https://fdn2.gsmarena.com/vv/bigpic/oppo-a16.jpg,Oppo A16s,"Released 2021, August 14","190g, 8.4mm thickness","Android 11, ColorOS 11.1","64GB storage, microSDXC","6.52""",720x1600 pixels,4 GB RAM,5000 mAh Li-Po,GSM 850 / 900 / 1800 / 1900 - SIM 1 & SIM 2,HSDPA 850 / 900 / 1700(AWS) / 1900 / 2100,"1, 2, 3, 4, 5, 7, 8, 12, 17, 18, 19, 20, 26, 28, 38, 39, 40, 41, 66","HSPA, LTE","2021, August 14","Available. Released 2021, August 14",163.8 x 75.6 x 8.4 mm (6.45 x 2.98 x 0.33 in),190 g (6.70 oz),"Dual SIM (Nano-SIM, dual stand-by)","IPS LCD, 480 nits (typ)","6.52 inches, 102.6 cm(~82.9% screen-to-body ratio)","720 x 1600 pixels, 20:9 ratio (~269 ppi density)","Android 11, ColorOS 11.1",Mediatek MT6765G Helio G35 (12 nm),Octa-core (4x2.3 GHz Cortex-A53 & 4x1.8 GHz Cortex-A53),PowerVR GE8320,microSDXC,64GB 4GB RAM,eMMC 5.1,"13 MP, f/2.2, 26mm (wide), 1/3.06"", 1.12µm, PDAF","LED flash, HDR, panorama",1080p@30fps,"8 MP, f/2.0, 26mm (wide)",HDR,1080p@30fps,"Wi-Fi 802.11 a/b/g/n/ac, dual-band, Wi-Fi Direct","5.0, A2DP, LE, aptX","GPS, GLONASS, GALILEO, BDS, QZSS",Yes,Unspecified,"USB Type-C 2.0, OTG","Fingerprint (side-mounted), accelerometer, proximity, compass","Li-Po 5000 mAh, non-removable","Pearl Blue, Crystal Black",CPH2271,
https://www.gsmarena.com/oppo_a16-11021.php,https://fdn2.gsmarena.com/vv/bigpic/oppo-a16.jpg,Oppo A16,"Released 2021, July 17","190g, 8.4mm thickness","Android 11, ColorOS 11.1","32GB/64GB/256GB storage, microSDXC","6.52""",720x1600 pixels,3/4 GB RAM,5000 mAh Li-Po,GSM 850 / 900 / 1800 / 1900 - SIM 1 & SIM 2,HSDPA 850 / 900 / 2100,"1, 3, 5, 8, 38, 40, 41","HSPA, LTE","2021, July 17","Available. Released 2021, July 17",163.8 x 75.6 x 8.4 mm (6.45 x 2.98 x 0.33 in),190 g (6.70 oz),"Dual SIM (Nano-SIM, dual stand-by)","IPS LCD, 480 nits (typ)","6.52 inches, 102.6 cm(~82.9% screen-to-body ratio)","720 x 1600 pixels, 20:9 ratio (~269 ppi density)","Android 11, ColorOS 11.1",Mediatek MT6765G Helio G35 (12 nm),Octa-core (4x2.3 GHz Cortex-A53 & 4x1.8 GHz Cortex-A53),PowerVR GE8320,microSDXC,"32GB 3GB RAM, 32GB 4GB RAM, 64GB 4GB RAM, 256GB 4GB RAM",eMMC 5.1,"13 MP, f/2.2, 26mm (wide), 1/3.06"", 1.12µm, PDAF","LED flash, HDR, panorama",1080p@30fps,"8 MP, f/2.0, (wide)",HDR,1080p@30fps,"Wi-Fi 802.11 a/b/g/n/ac, dual-band, Wi-Fi Direct","5.0, A2DP, LE, aptX","GPS, GLONASS, GALILEO, BDS, QZSS",No,FM radio,"USB Type-C 2.0, OTG","Fingerprint (side-mounted), accelerometer, proximity, compass","Li-Po 5000 mAh, non-removable","Pearl Blue, Space Silver, Crystal Black",CPH2269,0.77 W/kg (head)     0.97 W/kg (body),
https://www.gsmarena.com/oppo_reno6_pro+_5g-10905.php,https://fdn2.gsmarena.com/vv/bigpic/oppo-reno6-pro-plus.jpg,Oppo Reno6 Pro+ 5G,"Released 2021, June 05","188g, 8mm thickness","Android 11, up to Android 12, ColorOS 12","128GB/256GB storage, no card slot","6.55""",1080x2400 pixels,8/12 GB RAM,4500 mAh Li-Po,GSM 850 / 900 / 1800 / 1900 - SIM 1 & SIM 2,HSDPA 800 / 850 / 900 / 1700(AWS) / 1900 / 2100,"1, 2, 3, 4, 5, 7, 8, 12, 17, 18, 19, 26, 28, 34, 38, 39, 40, 41 - China","1, 3, 28, 41, 77, 78, 79 SA/NSA - China","HSPA, LTE-A (CA), 5G","2021, May 27","Available. Released 2021, June 05",160.8 x 72.5 x 8 mm (6.33 x 2.85 x 0.31 in),188 g (6.63 oz),"Glass front (Gorilla Glass 5), glass back","Dual SIM (Nano-SIM, dual stand-by)","AMOLED, 90Hz, HDR10+, 500 nits (typ), 800 nits (HDR), 1100 nits (peak)","6.55 inches, 103.6 cm(~88.8% screen-to-body ratio)","1080 x 2400 pixels, 20:9 ratio (~402 ppi density)",Corning Gorilla Glass 5,"Android 11, upgradable to Android 12, ColorOS 12",Qualcomm SM8250-AC Snapdragon 870 5G (7 nm),Octa-core (1x3.2 GHz Kryo 585 & 3x2.42 GHz Kryo 585 & 4x1.80 GHz Kryo 585),Adreno 650,No,"128GB 8GB RAM, 256GB 12GB RAM",UFS 3.1,"50 MP, f/1.8, 24mm (wide), 1/1.56"", 1.0µm, multi-directional PDAF, OIS","Dual LED flash, HDR, panorama","4K@30/60fps, 1080p@30/60/120fps; gyro-EIS, HDR","32 MP, f/2.4, 26mm (wide), 1/2.8"", 0.8µm",Panorama,"1080p@30fps, gyro-EIS","Wi-Fi 802.11 a/b/g/n/ac/6, dual-band, Wi-Fi Direct","5.2, A2DP, LE, aptX HD","GPS (L1+L5), GLONASS (G1), BDS (B1I+B2a), GALILEO (E1+E5a), QZSS (L1+L5)",Yes,No,"USB Type-C 2.0, OTG","Fingerprint (under display, optical), accelerometer, gyro, proximity, compass, color spectrum","Li-Po 4500 mAh, non-removable","Arctic Blue, Lunar Grey",PENM00,About 520 EUR
https://www.gsmarena.com/oppo_reno6_pro_5g-10904.php,https://fdn2.gsmarena.com/vv/bigpic/oppo-reno6-pro-5g.jpg,Oppo Reno6 Pro 5G,"Released 2021, June 05","177g, 7.6mm thickness","Android 11, up to Android 12, ColorOS 12","128GB/256GB storage, no card slot","6.55""",1080x2400 pixels,8/12 GB RAM,4500 mAh Li-Po,GSM 850 / 900 / 1800 / 1900 - SIM 1 & SIM 2,HSDPA 800 / 850 / 900 / 1700(AWS) / 1900 / 2100,"1, 2, 3, 4, 5, 7, 8, 12, 17, 18, 19, 20, 26, 28, 38, 39, 40, 41 - International","1, 3, 5, 7, 8, 28, 38, 40, 41, 77, 78 SA/NSA - International","HSPA, LTE-A (CA), 5G","2021, May 27","Available. Released 2021, June 05",160 x 73.1 x 7.6 mm (6.30 x 2.88 x 0.30 in),177 g (6.24 oz),"Glass front (Gorilla Glass 5), aluminum frame, glass back","Dual SIM (Nano-SIM, dual stand-by)","AMOLED, 90Hz, HDR10+, 500 nits (typ), 800 nits (HBM)","6.55 inches, 103.6 cm(~88.6% screen-to-body ratio)","1080 x 2400 pixels, 20:9 ratio (~402 ppi density)",Corning Gorilla Glass 5,"Android 11, upgradable to Android 12, ColorOS 12",Mediatek MT6893 Dimensity 1200 (6 nm),Octa-core (1x3.0 GHz Cortex-A78 & 3x2.6 GHz Cortex-A78 & 4x2.0 GHz Cortex-A55),Mali-G77 MC9,No,"128GB 8GB RAM, 256GB 12GB RAM",UFS 2.1 - International,"64 MP, f/1.7, 26mm (wide), 1/2.0"", 0.7µm, PDAF","LED flash, HDR, panorama","4K@30fps, 1080p@30/60fps; gyro-EIS, HDR","32 MP, f/2.4, 26mm (wide), 1/2.8"", 0.8µm",Panorama,1080p@30fps,"Wi-Fi 802.11 a/b/g/n/ac/6, dual-band, Wi-Fi Direct","5.2, A2DP, LE, aptX HD","GPS (L1+L5), GLONASS (G1), BDS (B1I+B2a), GALILEO (E1+E5a), QZSS (L1+L5)",Yes,No,"USB Type-C 2.0, OTG","Fingerprint (under display, optical), accelerometer, gyro, proximity, compass, color spectrum","Li-Po 4500 mAh, non-removable","Black, Blue, Aurora, Majestic Gold, Diwali Edition","PEPM00, CPH2249",1.17 W/kg (head)     1.03 W/kg (body),
https://www.gsmarena.com/oppo_reno6_5g-10932.php,https://fdn2.gsmarena.com/vv/bigpic/oppo-reno6-5g.jpg,Oppo Reno6 5G,"Released 2021, June 11","182g, 7.6mm thickness","Android 11, up to Android 12, ColorOS 12","128GB/256GB storage, no card slot","6.43""",1080x2400 pixels,8/12 GB RAM,4300 mAh Li-Po,GSM 850 / 900 / 1800 / 1900 - SIM 1 & SIM 2,HSDPA 800 / 850 / 900 / 1700(AWS) / 1900 / 2100,"1, 2, 3, 4, 5, 7, 8, 12, 17, 18, 19, 20, 26, 28, 38, 39, 40, 41, 66 - International","1, 3, 5, 8, 20, 28, 7, 38, 40, 41, 66, 77, 78 SA/NSA - International","HSPA, LTE-A (CA), 5G","2021, May 27","Available. Released 2021, June 11",156.8 x 72.1 x 7.6 mm (6.17 x 2.84 x 0.30 in),182 g (6.42 oz),"Glass front (Gorilla Glass 5), aluminum frame, plastic back","Dual SIM (Nano-SIM, dual stand-by)","AMOLED, 90Hz, 430 nits (typ), 600 nits (HBM), 750 nits (peak)","6.43 inches, 99.8 cm(~88.3% screen-to-body ratio)","1080 x 2400 pixels, 20:9 ratio (~409 ppi density)",Corning Gorilla Glass 5,"Android 11, upgradable to Android 12, ColorOS 12",Mediatek MT6877 Dimensity 900 (6 nm),Octa-core (2x2.4 GHz Cortex-A78 & 6x2.0 GHz Cortex-A55),Mali-G68 MC4,No,"128GB 8GB RAM, 256GB 12GB RAM",UFS 2.1,"64 MP, f/1.7, 26mm (wide), 1/2.0"", 0.7µm, PDAF","LED flash, HDR, panorama","4K@30fps, 1080p@30/60fps","32 MP, f/2.4, 26mm (wide), 1/2.8"", 0.8µm",Panorama,1080p@30fps,"Wi-Fi 802.11 a/b/g/n/ac/6, dual-band, Wi-Fi Direct","5.2, A2DP, LE, aptX","GPS, GLONASS, BDS, GALILEO, QZSS",Yes (market/region dependent),No,"USB Type-C 2.0, OTG","Fingerprint (under display, optical), accelerometer, gyro, proximity, compass, color spectrum","Li-Po 4300 mAh, non-removable","Stellar Black, Aurora, Blue, Purple","PEQM00, CPH2251",1.14 W/kg (head)     0.08 W/kg (body),0.96 W/kg (head)     1.18 W/kg (body),,"AnTuTu:  362450 (v8),  430765 (v9)",
https://www.gsmarena.com/oppo_k9-10894.php,https://fdn2.gsmarena.com/vv/bigpic/oppo-k9.jpg,Oppo K9,"Released 2021, May 11","172g, 7.9mm thickness","Android 11, ColorOS 11.1","128GB/256GB storage, no card slot","6.43""",1080x2400 pixels,8 GB RAM,4300 mAh Li-Po,GSM 850 / 900 / 1800 / 1900 - SIM 1 & SIM 2,HSDPA 800 / 850 / 900 / 1700(AWS) / 1900 / 2100,"1, 3, 4, 5, 8, 28, 34, 38, 39, 40, 41","1, 3, 28, 41, 77, 78 SA/NSA","HSPA, LTE-A, 5G","2021, May 06","Available. Released 2021, May 11",159.1 x 73.4 x 7.9 mm (6.26 x 2.89 x 0.31 in),172 g (6.07 oz),"Dual SIM (Nano-SIM, dual stand-by)","Super AMOLED, 90Hz, 430 nits (typ), 750 nits (peak)","6.43 inches, 99.8 cm(~85.5% screen-to-body ratio)","1080 x 2400 pixels, 20:9 ratio (~409 ppi density)","Android 11, ColorOS 11.1",Qualcomm SM7250-AC Snapdragon 768G 5G (7 nm),Octa-core (1x2.8 GHz Kryo 475 Prime & 1x2.4 GHz Kryo 475 Gold & 6x1.8 GHz Kryo 475 Silver),Adreno 620,No,"128GB 8GB RAM, 256GB 8GB RAM","64 MP, f/1.7, (wide), PDAF","LED flash, HDR, panorama","4K@30fps, 1080p@30/60/120fps; gyro-EIS","32 MP, f/2.4, (wide)",1080p@30fps,"Wi-Fi 802.11 a/b/g/n/ac, dual-band, Wi-Fi Direct","5.0, A2DP, LE, aptX HD","GPS, GLONASS, GALILEO, BDS, QZSS",No,No,"USB Type-C 2.0, OTG","Fingerprint (under display, optical), accelerometer, gyro, proximity, compass","Li-Po 4300 mAh, non-removable","Black, Aurora",PEXM00,About 260 EUR
https://www.gsmarena.com/oppo_a53s_5g-10874.php,https://fdn2.gsmarena.com/vv/bigpic/oppo-a53s-5g.jpg,Oppo A53s 5G,"Released 2021, May 07","189.6g, 8.4mm thickness","Android 11, ColorOS 11.1","128GB storage, microSDXC","6.52""",720x1600 pixels,6/8 GB RAM,5000 mAh Li-Po,GSM 850 / 900 / 1800 / 1900 - SIM 1 & SIM 2,HSDPA 800 / 850 / 900 / 2100,"1, 3, 5, 8, 34, 38, 39, 40, 41","1, 28, 41, 77, 78 SA/NSA","HSPA, LTE-A","2021, April 27","Available. Released 2021, May 07",164 x 75.7 x 8.4 mm (6.46 x 2.98 x 0.33 in),189.6 g (6.70 oz),"Dual SIM (Nano-SIM, dual stand-by)","IPS LCD, 480 nits (typ)","6.52 inches, 102.6 cm(~82.7% screen-to-body ratio)","720 x 1600 pixels, 20:9 ratio (~269 ppi density)","Android 11, ColorOS 11.1",Mediatek MT6833 Dimensity 700 (7 nm),Octa-core (2x2.2 GHz Cortex-A76 & 6x2.0 GHz Cortex-A55),Mali-G57 MC2,microSDXC (dedicated slot),"128GB 6GB RAM, 128GB 8GB RAM",UFS 2.2,"13 MP, f/2.2, 25mm (wide), 1/3.06"", 1.12µm, PDAF","LED flash, HDR, panorama",1080p@30fps,"8 MP, f/2.0, 26mm (wide)",HDR,1080p@30fps,"Wi-Fi 802.11 a/b/g/n/ac, dual-band, Wi-Fi Direct","5.0, A2DP, LE, aptX HD","GPS, GLONASS, GALILEO, BDS, QZSS",No,No,"USB Type-C 2.0, OTG","Fingerprint (side-mounted), accelerometer, gyro, proximity, compass","Li-Po 5000 mAh, non-removable","Crystal Blue, Ink Black",CPH2321,About 170 EUR
Link,Image,Name,Release date,Weight,OS,Storage,Screen_size,Screen_resolution,RAM,Battery,net2g,net3g,net4g,net5g,speed,year,status,dimensions,weight,sim,displaytype,displaysize,displayresolution,os,chipset,cpu,gpu,memoryslot,internalmemory,cam1modules,cam1features,cam1video,cam2modules,cam2features,cam2video,wlan,bluetooth,gps,nfc,radio,usb,sensors,batdescription1,colors,models
https://www.gsmarena.com/oppo_a95_5g-10834.php,https://fdn2.gsmarena.com/vv/bigpic/oppo-a95-5g.jpg,Oppo A95 5G,"Released 2021, May 08","173g, 7.8mm thickness","Android 11, ColorOS 11.1","128GB/256GB storage, microSDXC","6.43""",1080x2400 pixels,8 GB RAM,4310 mAh Li-Po,GSM 850 / 900 / 1800 / 1900 - SIM 1 & SIM 2,HSDPA 850 / 900 / 1700(AWS) / 1900 / 2100,"1, 2, 3, 4, 5, 7, 8, 34, 38, 39, 40, 41","1, 28, 41, 77, 78 SA/NSA","HSPA, LTE-A, 5G","2021, April 27","Available. Released 2021, May 08",160.1 x 73.4 x 7.8 mm (6.30 x 2.89 x 0.31 in),173 g (6.10 oz),"Dual SIM (Nano-SIM, dual stand-by)","AMOLED, 430 nits (typ), 800 nits (peak)","6.43 inches, 99.8 cm(~84.9% screen-to-body ratio)","1080 x 2400 pixels, 20:9 ratio (~409 ppi density)","Android 11, ColorOS 11.1",Mediatek MT6853 Dimensity 800U (7 nm),Octa-core (2x2.4 GHz Cortex-A76 & 6x2.0 GHz Cortex-A55),Mali-G57 MC3,microSDXC,"128GB 8GB RAM, 256GB 8GB RAM","48 MP, f/1.7, 25mm (wide), 1/2.0"", 0.8µm, PDAF","LED flash, HDR, panorama","4K@30fps, 1080p@30/120fps, gyro-EIS","16 MP, f/2.4, 26mm (wide), 1/3.09"", 1.0µm",HDR,1080p@30fps,"Wi-Fi 802.11 a/b/g/n/ac, dual-band, Wi-Fi Direct","5.1, A2DP, LE, aptX HD","GPS, GLONASS, GALILEO, BDS",Yes,No,"USB Type-C 2.0, OTG","Fingerprint (under display, optical), accelerometer, gyro, proximity, compass","Li-Po 4310 mAh, non-removable","Fluid Black, Cosmo Blue, Silver",PELM00
https://www.gsmarena.com/oppo_a94_5g-10799.php,https://fdn2.gsmarena.com/vv/bigpic/oppo-a94-5g.jpg,Oppo A94 5G,"Released 2021, May 03","173g, 7.8mm thickness","Android 11, ColorOS 11.1","128GB storage, microSDXC","6.43""",1080x2400 pixels,8 GB RAM,4310 mAh Li-Po,GSM 850 / 900 / 1800 / 1900 - SIM 1 & SIM 2,HSDPA 850 / 900 / 2100,"1, 3, 5, 7, 8, 38, 40, 41","1, 41, 77, 78 SA/NSA","HSPA, LTE-A, 5G","2021, April 16","Available. Released 2021, May 03",160.1 x 73.4 x 7.8 mm (6.30 x 2.89 x 0.31 in),173 g (6.10 oz),"Dual SIM (Nano-SIM, dual stand-by)","Super AMOLED, 430 nits (typ), 800 nits (peak)","6.43 inches, 99.8 cm(~84.9% screen-to-body ratio)","1080 x 2400 pixels, 20:9 ratio (~409 ppi density)","Android 11, ColorOS 11.1",Mediatek MT6853 Dimensity 800U (7 nm),Octa-core (2x2.4 GHz Cortex-A76 & 6x2.0 GHz Cortex-A55),Mali-G57 MC3,microSDXC,128GB 8GB RAM,"48 MP, f/1.7, 25mm (wide), 1/2.0"", 0.8µm, PDAF","LED flash, HDR, panorama","4K@30fps, 1080p@30fps; gyro-EIS, HDR","16 MP, f/2.4, 26mm (wide), 1/3.09"", 1.0µm",HDR,1080p@30fps,"Wi-Fi 802.11 a/b/g/n/ac, dual-band, Wi-Fi Direct","5.1, A2DP, LE, aptX HD","GPS, GLONASS, GALILEO, BDS",Yes,Unspecified,"USB Type-C 2.0, OTG","Fingerprint (under display, optical), accelerometer, gyro, proximity, compass","Li-Po 4310 mAh, non-removable","Fluid Black, Space Silver, Cosmo Blue",CPH2211,
https://www.gsmarena.com/oppo_a35-10852.php,https://fdn2.gsmarena.com/vv/bigpic/oppo-a15s.jpg,Oppo A35,"Released 2021, April 26","177g, 7.9mm thickness","Android 10, ColorOS 7.2","64GB/128GB storage, microSDXC","6.52""",720x1600 pixels,4 GB RAM,4230 mAh Li-Po,GSM 850 / 900 / 1800 / 1900 - SIM 1 & SIM 2,HSDPA 850 / 900 / 2100,"1, 3, 5, 8, 34, 38, 39, 40, 41","HSPA, LTE-A","2021, April 14","Available. Released 2021, April 26",164 x 75.4 x 7.9 mm (6.46 x 2.97 x 0.31 in),177 g (6.24 oz),"Glass front, plastic back, plastic frame","Dual SIM (Nano-SIM, dual stand-by)","IPS LCD, 480 nits (typ)","6.52 inches, 102.6 cm(~83.0% screen-to-body ratio)","720 x 1600 pixels, 20:9 ratio (~269 ppi density)","Android 10, ColorOS 7.2",Mediatek MT6765 Helio P35 (12nm),Octa-core (4x2.35 GHz Cortex-A53 & 4x1.8 GHz Cortex-A53),PowerVR GE8320,microSDXC,"64GB 4GB RAM, 128GB 4GB RAM",eMMC 5.1,"13 MP, f/2.2, (wide), 1/3.1"", 1.12µm, PDAF","LED flash, HDR, panorama",1080p@30fps,"8 MP, f/2.0, (wide)",HDR,1080p@30fps,"Wi-Fi 802.11 b/g/n, Wi-Fi Direct","5.0, A2DP, LE, aptX","GPS, GLONASS, GALILEO, BDS",No,FM radio,"microUSB 2.0, OTG","Fingerprint (rear-mounted), accelerometer, proximity","Li-Po 4230 mAh, non-removable","Black, White, Blue","PEHM00, PEFM00"
https://www.gsmarena.com/oppo_reno5_z-10760.php,https://fdn2.gsmarena.com/vv/bigpic/oppo-f19-pro-plus-r.jpg,Oppo Reno5 Z,"Released 2021, April 04","173g, 7.8mm thickness","Android 11, ColorOS 11.1","128GB storage, no card slot","6.43""",1080x2400 pixels,8 GB RAM,4310 mAh Li-Po,GSM 850 / 900 / 1800 / 1900 - SIM 1 & SIM 2 (dual-SIM model only),HSDPA 850 / 900 / 2100,"1, 3, 5, 7, 8, 38, 40, 41","1, 41, 77, 78 SA/NSA","HSPA, LTE-A, 5G","2021, April 04","Available. Released 2021, April 04",160.1 x 73.4 x 7.8 mm (6.30 x 2.89 x 0.31 in),173 g (6.10 oz),"Single SIM (Nano-SIM) or Dual SIM (Nano-SIM, dual stand-by)","Super AMOLED, 430 nits (typ), 800 nits (peak)","6.43 inches, 99.8 cm(~84.9% screen-to-body ratio)","1080 x 2400 pixels, 20:9 ratio (~409 ppi density)","Android 11, ColorOS 11.1",Mediatek MT6853 Dimensity 800U (7 nm),Octa-core (2x2.4 GHz Cortex-A76 & 6x2.0 GHz Cortex-A55),Mali-G57 MC3,No,128GB 8GB RAM,"48 MP, f/1.7, 25mm (wide), 1/2.0"", 0.8µm, PDAF","LED flash, HDR, panorama","4K@30fps, 1080p@30fps, gyro-EIS","16 MP, f/2.4, 26mm (wide), 1/3.09"", 1.0µm",HDR,1080p@30fps,"Wi-Fi 802.11 a/b/g/n/ac, dual-band, Wi-Fi Direct","5.1, A2DP, LE, aptX HD","GPS, GLONASS, GALILEO, BDS",Yes,Unspecified,"USB Type-C 2.0, OTG","Fingerprint (under display, optical), accelerometer, gyro, proximity, compass","Li-Po 4310 mAh, non-removable","Fluid Black, Cosmo Blue",CPH2211,About 330 EUR
https://www.gsmarena.com/oppo_a54_5g-10866.php,https://fdn2.gsmarena.com/vv/bigpic/oppo-a54-5g.jpg,Oppo A54 5G,"Released 2021, April 14","190g, 8.4mm thickness","Android 11, ColorOS 11.1","64GB/128GB storage, microSDXC","6.5""",1080x2400 pixels,4 GB RAM,5000 mAh Li-Po,GSM 850 / 900 / 1800 / 1900 - SIM 1 & SIM 2 (dual-SIM model only),HSDPA 850 / 900 / 1900 / 2100,"1, 2, 3, 4, 5, 7, 8, 12, 17, 18, 19, 20, 26, 28, 38, 39, 40, 41, 66","1, 3, 5, 7, 8, 20, 28, 38, 40, 41, 77, 78 SA/NSA","HSPA, LTE-A, 5G","2021, April 14","Available. Released 2021, April 14",162.9 x 74.7 x 8.4 mm (6.41 x 2.94 x 0.33 in),190 g (6.70 oz),"Single SIM (Nano-SIM) or Dual SIM (Nano-SIM, dual stand-by)","IPS LCD, 90Hz, 480 nits (typ)","6.5 inches, 102.0 cm(~83.8% screen-to-body ratio)","1080 x 2400 pixels, 20:9 ratio (~405 ppi density)","Android 11, ColorOS 11.1",Qualcomm SM4350 Snapdragon 480 5G (8 nm),Octa-core (2x2.0 GHz Kryo 460 & 6x1.8 GHz Kryo 460),Adreno 619,microSDXC,"64GB 4GB RAM, 128GB 4GB RAM",UFS 2.1 (single lane),"48 MP, f/1.7, 26mm (wide), 1/2.0"", 0.8µm, PDAF","LED flash, panorama","1080p@30fps, gyro-EIS","16 MP, f/2.0, 26mm (wide)",Panorama,1080p@30fps,"Wi-Fi 802.11 a/b/g/n/ac, dual-band, Wi-Fi Direct","5.1, A2DP, LE, aptX HD","GPS, GLONASS, BDS, QZSS",Yes (market/region dependent),No,"USB Type-C 2.0, OTG","Fingerprint (side-mounted), accelerometer, gyro, proximity, compass","Li-Po 5000 mAh, non-removable","Fluid Black, Fantastic Purple, Space Silver","CPH2195, OPG02",
https://www.gsmarena.com/oppo_a74_5g-10830.php,https://fdn2.gsmarena.com/vv/bigpic/oppo-a74-5g.jpg,Oppo A74 5G,"Released 2021, April 13","190g, 8.4mm thickness","Android 11, ColorOS 11.1","128GB storage, microSDXC","6.5""",1080x2400 pixels,6/8 GB RAM,5000 mAh Li-Po,GSM 850 / 900 / 1800 / 1900 - SIM 1 & SIM 2,HSDPA 850 / 900 / 1900 / 2100,"1, 2, 3, 4, 5, 7, 8, 12, 17, 18, 19, 20, 26, 28, 38, 39, 40, 41, 66","1, 3, 5, 7, 8, 20, 28, 38, 40, 41, 77, 78 SA/NSA","HSPA, LTE-A, 5G","2021, April 05","Available. Released 2021, April 13",162.9 x 74.7 x 8.4 mm (6.41 x 2.94 x 0.33 in),190 g (6.70 oz),"Dual SIM (Nano-SIM, dual stand-by)","IPS LCD, 90Hz, 480 nits (typ)","6.5 inches, 102.0 cm(~83.8% screen-to-body ratio)","1080 x 2400 pixels, 20:9 ratio (~405 ppi density)","Android 11, ColorOS 11.1",Qualcomm SM4350 Snapdragon 480 5G (8 nm),Octa-core (2x2.0 GHz Kryo 460 & 6x1.8 GHz Kryo 460),Adreno 619,microSDXC,"128GB 6GB RAM, 128GB 8GB RAM",UFS 2.1 (single lane),"48 MP, f/1.7, 26mm (wide), 1/2.0"", 0.8µm, PDAF","LED flash, panorama","1080p@30fps, gyro-EIS","16 MP, f/2.0, 26mm (wide)",Panorama,1080p@30fps,"Wi-Fi 802.11 a/b/g/n/ac, dual-band, Wi-Fi Direct","5.1, A2DP, LE, aptX HD","GPS, GLONASS, BDS, QZSS",Yes,No,"USB Type-C 2.0, OTG","Fingerprint (side-mounted), accelerometer, gyro, proximity, compass","Li-Po 5000 mAh, non-removable","Fluid Black, Space Silver","CPH2197, CPH2263",
https://www.gsmarena.com/oppo_a74-10829.php,https://fdn2.gsmarena.com/vv/bigpic/oppo-f19.jpg,Oppo A74,"Released 2021, May 10","175g, 8mm thickness","Android 11, ColorOS 11.1","128GB storage, microSDXC","6.43""",1080x2400 pixels,4-8 GB RAM,5000 mAh Li-Po,GSM 850 / 900 / 1800 / 1900 - SIM 1 & SIM 2,HSDPA 850 / 900 / 2100,"1, 3, 5, 7, 8, 20, 28, 38, 40, 41","HSPA, LTE-A","2021, April 05","Available. Released 2021, May 10",160.3 x 73.8 x 8 mm (6.31 x 2.91 x 0.31 in),175 g (6.17 oz),"Dual SIM (Nano-SIM, dual stand-by)","AMOLED, 430 nits (typ), 800 nits (peak)","6.43 inches, 99.8 cm(~84.4% screen-to-body ratio)","1080 x 2400 pixels, 20:9 ratio (~409 ppi density)","Android 11, ColorOS 11.1",Qualcomm SM6115 Snapdragon 662 (11 nm),Octa-core (4x2.0 GHz Kryo 260 Gold & 4x1.8 GHz Kryo 260 Silver),Adreno 610,microSDXC,"128GB 4GB RAM, 128GB 6GB RAM, 128GB 8GB RAM","48 MP, f/1.7, 26mm (wide), 1/2.0"", 0.8µm, PDAF","LED flash, HDR, panorama",1080p@30fps,"16 MP, f/2.4, 27mm (wide), 1/3.06"", 1.0µm",1080p@30fps,"Wi-Fi 802.11 a/b/g/n/ac, dual-band, Wi-Fi Direct","5.0, A2DP, LE, aptX","GPS, GLONASS, GALILEO, BDS",No,Unspecified,"USB Type-C 2.0, OTG","Fingerprint (under display, optical), accelerometer, gyro, proximity, compass","Li-Po 5000 mAh, non-removable","Prism Black, Midnight Blue",CHP2219,
https://www.gsmarena.com/oppo_f19-10764.php,https://fdn2.gsmarena.com/vv/bigpic/oppo-f19.jpg,Oppo F19,"Released 2021, April 08","175g, 8mm thickness","Android 11, ColorOS 11.1","128GB storage, microSDXC","6.43""",1080x2400 pixels,6 GB RAM,5000 mAh Li-Po,GSM 850 / 900 / 1800 / 1900 - SIM 1 & SIM 2,HSDPA 850 / 900 / 2100,"1, 3, 5, 8, 38, 40, 41","HSPA, LTE-A","2021, April 01","Available. Released 2021, April 08",160.3 x 73.8 x 8 mm (6.31 x 2.91 x 0.31 in),175 g (6.17 oz),"Dual SIM (Nano-SIM, dual stand-by)","AMOLED, 430 nits (typ), 800 nits (peak)","6.43 inches, 99.8 cm(~84.4% screen-to-body ratio)","1080 x 2400 pixels, 20:9 ratio (~409 ppi density)","Android 11, ColorOS 11.1",Qualcomm SM6115 Snapdragon 662 (11 nm),Octa-core (4x2.0 GHz Kryo 260 Gold & 4x1.8 GHz Kryo 260 Silver),Adreno 610,microSDXC (dedicated slot),128GB 6GB RAM,"48 MP, f/1.7, 26mm (wide), 1/2.0"", 0.8µm, PDAF","LED flash, panorama",1080p@30fps,"16 MP, f/2.4, 27mm (wide), 1/3.09"", 1.0µm",Panorama,1080p@30fps,"Wi-Fi 802.11 a/b/g/n/ac, dual-band, Wi-Fi Direct","5.0, A2DP, LE, aptX","GPS, GLONASS, GALILEO, BDS",No,FM radio,"USB Type-C 2.0, OTG","Fingerprint (under display, optical), accelerometer, gyro, proximity, compass","Li-Po 5000 mAh, non-removable","Prism Black, Midnight Blue","CHP2219, CPH2219",0.92 W/kg (head)     0.84 W/kg (body),
