Link,Image,Name,Release date,Weight,OS,Storage,Screen_size,Screen_resolution,RAM,Battery,net2g,net3g,net4g,net5g,speed,year,status,dimensions,weight,build,sim,bodyother,displaytype,displaysize,displayresolution,displayprotection,displayother,os,chipset,cpu,gpu,memoryslot,internalmemory,memoryother,cam1modules,cam1features,cam1video,cam2modules,cam2features,cam2video,optionalother,wlan,bluetooth,gps,nfc,radio,usb,sensors,featuresother,batdescription1,colors,models,sar-us,sar-eu,price,tbench,batlife
https://www.gsmarena.com/samsung_galaxy_s23_ultra-12024.php,https://fdn2.gsmarena.com/vv/bigpic/samsung-galaxy-s23-ultra-5g.jpg,Samsung Galaxy S23 Ultra,"Released 2023, February 17","234g, 8.9mm thickness","Android 13, One UI 5.1","128GB/256GB/1TB storage, no card slot","6.8""",1440x3088 pixels,8/12 GB RAM,5000 mAh Li-Ion,GSM 850 / 900 / 1800 / 1900 - SIM 1 & SIM 2 (Dual SIM model only),HSDPA 850 / 900 / 1700(AWS) / 1900 / 2100,"1, 2, 3, 4, 5, 7, 8, 12, 13, 14, 18, 19, 20, 25, 26, 28, 29, 30, 38, 39, 40, 41, 46, 48, 66, 71 - USA","1, 7, 28, 41, 66, 71, 78, 258, 260, 261 SA/NSA/Sub6/mmWave - USA","HSPA, LTE-A (up to 7CA), 5G","2023, February 01","Available. Released 2023, February 17",163.4 x 78.1 x 8.9 mm (6.43 x 3.07 x 0.35 in),234 g (8.25 oz),"Glass front (Gorilla Glass Victus 2), glass back (Gorilla Glass Victus 2), aluminum frame","Nano-SIM and eSIM or Dual SIM (2 Nano-SIMs and eSIM, dual stand-by)",IP68 dust/water resistant (up to 1.5m for 30 min),"Dynamic AMOLED 2X, 120Hz, HDR10+, 1200 nits (HBM), 1750 nits (peak)","6.8 inches, 114.7 cm(~89.9% screen-to-body ratio)",1440 x 3088 pixels (~500 ppi density),Corning Gorilla Glass Victus 2,Always-on display,"Android 13, One UI 5.1",Qualcomm SM8550-AC Snapdragon 8 Gen 2 (4 nm),Octa-core (1x3.36 GHz Cortex-X3 & 2x2.8 GHz Cortex-A715 & 2x2.8 GHz Cortex-A710 & 3x2.0 GHz Cortex-A510),Adreno 740,No,"256GB 8GB RAM, 256GB 12GB RAM, 512GB 12GB RAM, 1TB 12GB RAM",UFS 4.0,"200 MP, f/1.7, 24mm (wide), 1/1.3"", 0.6µm, multi-directional PDAF, Laser AF, OIS","LED flash, auto-HDR, panorama","8K@24/30fps, 4K@30/60fps, 1080p@30/60/240fps, 1080p@960fps, HDR10+, stereo sound rec., gyro-EIS","12 MP, f/2.2, 26mm (wide), Dual Pixel PDAF","Dual video call, Auto-HDR, HDR10+","4K@30/60fps, 1080p@30fps",32-bit/384kHz audio,"Wi-Fi 802.11 a/b/g/n/ac/6e, tri-band, Wi-Fi Direct","5.3, A2DP, LE","GPS, GLONASS, BDS, GALILEO",Yes,No,"USB Type-C 3.2, OTG","Fingerprint (under display, ultrasonic), accelerometer, gyro, proximity, compass, barometer","Samsung DeX, Samsung Wireless DeX (desktop experience support)","Li-Ion 5000 mAh, non-removable","Phantom Black, Green, Cream, Lavender, Graphite, Sky Blue, Lime, Red, BMW M Edition","SM-S918B, SM-S918B/DS, SM-S918U, SM-S918U1, SM-S918W, SM-S918N, SM-S9180, SM-S918E, SM-S918E/DS",1.12 W/kg (head)     0.92 W/kg (body),0.96 W/kg (head)     1.40 W/kg (body),,AnTuTu: 1241531 (v9)GeekBench: 4927 (v5.1)GFXBench: 67fps (ES 3.1 onscreen),
https://www.gsmarena.com/samsung_galaxy_s23+-12083.php,https://fdn2.gsmarena.com/vv/bigpic/samsung-galaxy-s23-plus-5g.jpg,Samsung Galaxy S23+,"Released 2023, February 17","196g, 7.6mm thickness","Android 13, One UI 5.1","256GB/512GB storage, no card slot","6.6""",1080x2340 pixels,8 GB RAM,4700 mAh Li-Ion,GSM 850 / 900 / 1800 / 1900 - SIM 1 & SIM 2 (Dual SIM model only),HSDPA 850 / 900 / 1700(AWS) / 1900 / 2100,"1, 2, 3, 4, 5, 7, 8, 12, 13, 14, 18, 29, 20, 25, 26, 28, 29, 30, 38, 39, 40, 41, 46, 48, 66, 71 - USA","1, 7, 28, 41, 66, 71, 78, 258, 260, 261 SA/NSA/Sub6/mmWave - USA","HSPA, LTE-A (up to 7CA), 5G","2023, February 01","Available. Released 2023, February 17",157.8 x 76.2 x 7.6 mm (6.21 x 3.00 x 0.30 in),196 g (6.91 oz),"Glass front (Gorilla Glass Victus 2), glass back (Gorilla Glass Victus 2), aluminum frame","Nano-SIM and eSIM or Dual SIM (2 Nano-SIMs and eSIM, dual stand-by)",IP68 dust/water resistant (up to 1.5m for 30 min),"Dynamic AMOLED 2X, 120Hz, HDR10+, 1200 nits (HBM), 1750 nits (peak)","6.6 inches, 105.3 cm(~87.6% screen-to-body ratio)","1080 x 2340 pixels, 19.5:9 ratio (~393 ppi density)",Corning Gorilla Glass Victus 2,Always-on display,"Android 13, One UI 5.1",Qualcomm SM8550-AC Snapdragon 8 Gen 2 (4 nm),Octa-core (1x3.36 GHz Cortex-X3 & 2x2.8 GHz Cortex-A715 & 2x2.8 GHz Cortex-A710 & 3x2.0 GHz Cortex-A510),Adreno 740,No,"256GB 8GB RAM, 512GB 8GB RAM",UFS 4.0,"50 MP, f/1.8, 24mm (wide), 1/1.56"", 1.0µm, Dual Pixel PDAF, OIS","LED flash, auto-HDR, panorama","8K@24/30fps, 4K@30/60fps, 1080p@30/60/240fps, 1080p@960fps, HDR10+, stereo sound rec., gyro-EIS","12 MP, f/2.2, 26mm (wide), Dual Pixel PDAF","Dual video call, Auto-HDR, HDR10+","4K@30/60fps, 1080p@30fps",32-bit/384kHz audio,"Wi-Fi 802.11 a/b/g/n/ac/6e, tri-band, Wi-Fi Direct","5.3, A2DP, LE","GPS, GLONASS, BDS, GALILEO",Yes,No,"USB Type-C 3.2, OTG","Fingerprint (under display, ultrasonic), accelerometer, gyro, proximity, compass, barometer","Samsung DeX, Samsung Wireless DeX (desktop experience support)","Li-Ion 4700 mAh, non-removable","Phantom Black, Cream, Green, Lavender, Graphite, Lime","SM-S916B, SM-S916B/DS, SM-S916U, SM-S916U1, SM-S916W, SM-S916N, SM-S9160, SM-S916E, SM-S916E/DS",0.95 W/kg (head)     1.04 W/kg (body),0.77 W/kg (head)     1.45 W/kg (body),,AnTuTu: 1234077 (v9)GeekBench: 5073 (v5.1)GFXBench: 110fps (ES 3.1 onscreen),
https://www.gsmarena.com/samsung_galaxy_s23-12082.php,https://fdn2.gsmarena.com/vv/bigpic/samsung-galaxy-s23-5g.jpg,Samsung Galaxy S23,"Released 2023, February 17","168g, 7.6mm thickness","Android 13, One UI 5.1","128GB/256GB/512GB storage, no card slot","6.1""",1080x2340 pixels,8 GB RAM,3900 mAh Li-Ion,GSM 850 / 900 / 1800 / 1900 - SIM 1 & SIM 2 (Dual SIM model only),HSDPA 850 / 900 / 1700(AWS) / 1900 / 2100,"1, 2, 3, 4, 5, 7, 8, 12, 13, 20, 25, 26, 28, 38, 39, 40, 41, 46, 48, 66, 71 - USA","1, 7, 25, 28, 41, 66, 71, 78, 258, 260, 261 SA/NSA/Sub6/mmWave - USA","HSPA, LTE-A (up to 7CA), 5G","2023, February 01","Available. Released 2023, February 17",146.3 x 70.9 x 7.6 mm (5.76 x 2.79 x 0.30 in),168 g (5.93 oz),"Glass front (Gorilla Glass Victus 2), glass back (Gorilla Glass Victus 2), aluminum frame","Nano-SIM and eSIM or Dual SIM (2 Nano-SIMs and eSIM, dual stand-by)",IP68 dust/water resistant (up to 1.5m for 30 min),"Dynamic AMOLED 2X, 120Hz, HDR10+, 1200 nits (HBM), 1750 nits (peak)","6.1 inches, 90.1 cm(~86.8% screen-to-body ratio)","1080 x 2340 pixels, 19.5:9 ratio (~425 ppi density)",Corning Gorilla Glass Victus 2,Always-on display,"Android 13, One UI 5.1",Qualcomm SM8550-AC Snapdragon 8 Gen 2 (4 nm),Octa-core (1x3.36 GHz Cortex-X3 & 2x2.8 GHz Cortex-A715 & 2x2.8 GHz Cortex-A710 & 3x2.0 GHz Cortex-A510),Adreno 740,No,"128GB 8GB RAM, 256GB 8GB RAM, 512GB 8GB RAM",UFS 3.1 - 128GB only,"50 MP, f/1.8, 24mm (wide), 1/1.56"", 1.0µm, Dual Pixel PDAF, OIS","LED flash, auto-HDR, panorama","8K@24/30fps, 4K@30/60fps, 1080p@30/60/240fps, 1080p@960fps, HDR10+, stereo sound rec., gyro-EIS","12 MP, f/2.2, 26mm (wide), Dual Pixel PDAF","Dual video call, Auto-HDR, HDR10+","4K@30/60fps, 1080p@30fps",32-bit/384kHz audio,"Wi-Fi 802.11 a/b/g/n/ac/6e, tri-band, Wi-Fi Direct","5.3, A2DP, LE","GPS, GLONASS, BDS, GALILEO",Yes,No,"USB Type-C 3.2, OTG","Fingerprint (under display, ultrasonic), accelerometer, gyro, proximity, compass, barometer","Samsung DeX, Samsung Wireless DeX (desktop experience support)","Li-Ion 3900 mAh, non-removable","Phantom Black, Cream, Green, Lavender, Graphite, Lime","SM-S911B, SM-S911B/DS, SM-S911U, SM-S911U1, SM-S911W, SM-S911N, SM-S9110, SM-S911E, SM-S911E/DS",0.95 W/kg (head)     0.88 W/kg (body),0.96 W/kg (head)     1.30 W/kg (body),,AnTuTu: 1231075 (v9)GeekBench: 4950 (v5.1)GFXBench: 110fps (ES 3.1 onscreen),
https://www.gsmarena.com/samsung_galaxy_a14_5g-12004.php,https://fdn2.gsmarena.com/vv/bigpic/samsung-galaxy-a14-5g.jpg,Samsung Galaxy A14 5G,"Released 2023, January 12","202g, 9.1mm thickness","Android 13, One UI Core 5","64GB/128GB storage, microSDXC","6.6""",1080x2408 pixels,4-8 GB RAM,5000 mAh Li-Po,GSM 850 / 900 / 1800 / 1900,HSDPA 850 / 1700(AWS) / 1900 / 2100,LTE,Sub6/mmWave,"HSPA, LTE, 5G","2023, January 04","Available. Released 2023, January 12",167.7 x 78 x 9.1 mm (6.60 x 3.07 x 0.36 in),202 g (7.13 oz),"Glass front, plastic back, plastic frame",Nano-SIM,"PLS LCD, 90Hz","6.6 inches, 104.9 cm(~80.2% screen-to-body ratio)","1080 x 2408 pixels, 20:9 ratio (~400 ppi density)","Android 13, One UI Core 5",Exynos 1330 - SM-A146BMediatek MT6833 Dimensity 700 (7 nm) - SM-A146P,Octa-core (2x2.4 GHz & 6x2.0 GHz) - SM-A146BOcta-core (2x2.2 GHz Cortex-A76 & 6x2.0 GHz Cortex-A55) - SM-A146P,Mali-G68 MC4 - SM-A146BMali-G57 MC2 - SM-A146P,microSDXC (dedicated slot),"64GB 4GB RAM, 128GB 4GB RAM, 128GB 6GB RAM, 128GB 8GB RAM","50 MP, f/1.8, (wide), PDAF","LED flash, panorama, HDR",1080p@30fps,"13 MP, f/2.0, (wide)",1080p@30fps,"Wi-Fi 802.11 a/b/g/n/ac, dual-band, Wi-Fi Direct","5.2, A2DP, LE","GPS, GLONASS, GALILEO",Yes,Unspecified,USB Type-C 2.0,"Fingerprint (side-mounted), accelerometer, gyro, proximity, compass, barometer (USA only)","Li-Po 5000 mAh, non-removable","Black, Light Green, Dark Red, Silver","SM-A146B, SM-A146B/DS, SM-A146P, SM-A146P/DS, SM-A146U, SM-A146U1, SM-A146U1/DS, SM-A146W, SM-A146P/N, SM-A146P/DSN, SM-S146VL",1.00 W/kg (head)     1.00 W/kg (body),0.56 W/kg (head)     1.28 W/kg (body),
https://www.gsmarena.com/samsung_galaxy_f04-12054.php,https://fdn2.gsmarena.com/vv/bigpic/samsung-galaxy-f04-new.jpg,Samsung Galaxy F04,"Released 2023, January 12","188g, 9.1mm thickness","Android 12, One UI","64GB storage, microSDXC","6.5""",720x1600 pixels,4 GB RAM,5000 mAh Li-Po,GSM 850 / 900 / 1800 / 1900 - SIM 1 & SIM 2,HSDPA 850 / 900 / 2100,"1, 3, 5, 7, 8, 20, 28, 38, 40, 41","HSPA, LTE","2023, January 04","Available. Released 2023, January 12",164.2 x 75.9 x 9.1 mm (6.46 x 2.99 x 0.36 in),188 g (6.63 oz),"Glass front, plastic back, plastic frame","Dual SIM (Nano-SIM, dual stand-by)",PLS LCD,"6.5 inches, 102.0 cm(~81.8% screen-to-body ratio)","720 x 1600 pixels, 20:9 ratio (~270 ppi density)","Android 12, One UI",Mediatek MT6765 Helio P35 (12nm),Octa-core (4x2.35 GHz Cortex-A53 & 4x1.8 GHz Cortex-A53),PowerVR GE8320,microSDXC (dedicated slot),64GB 4GB RAM,"13 MP, f/2.2, (wide), AF",LED flash,1080p@30fps,"5 MP, f/2.2",Yes,"Wi-Fi 802.11 b/g/n, Wi-Fi Direct","5.0, A2DP, LE","GPS, GLONASS, GALILEO, BDS",No,Unspecified,USB Type-C 2.0,"Accelerometer, proximity","Li-Po 5000 mAh, non-removable","Jade Purple, Opal Green","SM-E045F, SM-E045F/DS",0.38 W/kg (head),About 90 EUR
https://www.gsmarena.com/samsung_galaxy_m04-12022.php,https://fdn2.gsmarena.com/vv/bigpic/samsung-galaxy-m04-.jpg,Samsung Galaxy M04,"Released 2022, December 16","188g, 9.1mm thickness","Android 12, One UI Core 4.1","64GB/128GB storage, microSDXC","6.5""",720x1600 pixels,4 GB RAM,5000 mAh Li-Po,GSM 850 / 900 / 1800 / 1900 - SIM 1 & SIM 2 (dual-SIM model only),HSDPA 850 / 900 / 2100,"1, 3, 5, 7, 8, 20, 28, 38, 40, 41","HSPA, LTE","2022, December 10","Available. Released 2022, December 16",164.2 x 75.9 x 9.1 mm (6.46 x 2.99 x 0.36 in),188 g (6.63 oz),"Glass front, plastic back, plastic frame","Single SIM (Nano-SIM) or Dual SIM (Nano-SIM, dual stand-by)",PLS LCD,"6.5 inches, 102.0 cm(~81.8% screen-to-body ratio)","720 x 1600 pixels, 20:9 ratio (~270 ppi density)","Android 12, One UI Core 4.1",Mediatek MT6765 Helio P35 (12nm),Octa-core (4x2.35 GHz Cortex-A53 & 4x1.8 GHz Cortex-A53),PowerVR GE8320,microSDXC (dedicated slot),"64GB 4GB RAM, 128GB 4GB RAM","13 MP, f/2.2, (wide), AF",LED flash,1080p@30fps,"5 MP, f/2.2",Yes,"Wi-Fi 802.11 b/g/n, Wi-Fi Direct","5.0, A2DP, LE","GPS, GLONASS, GALILEO, BDS",No,Unspecified,USB Type-C 2.0,"Accelerometer, proximity","Li-Po 5000 mAh, non-removable","Sea Glass Green, Shadow Blue","SM-M045F, SM-M045F/DS",0.38 W/kg (head),0.29 W/kg (head)     1.11 W/kg (body),
https://www.gsmarena.com/samsung_galaxy_tab_a7_10_4_(2022)-11988.php,https://fdn2.gsmarena.com/vv/bigpic/samsung-galaxy-tab-a7-104-2020.jpg,Samsung Galaxy Tab A7 10.4 (2022),"Released 2022, November 21","477g, 7mm thickness","Android 12, One UI 4","32GB/64GB storage, microSDXC","10.4""",1200x2000 pixels,3/4 GB RAM,7040 mAh Li-Po,GSM 850 / 900 / 1800 / 1900,HSDPA 850 / 900 / 1700(AWS) / 1900 / 2100,LTE,"HSPA 42.2/5.76 Mbps, LTE-A (2CA) Cat13 400/50 Mbps","2022, November 18","Available. Released 2022, November 21",247.6 x 157.4 x 7 mm (9.75 x 6.20 x 0.28 in),477 g (1.05 lb),Nano-SIM,TFT LCD,"10.4 inches, 307.9 cm(~79.0% screen-to-body ratio)","1200 x 2000 pixels, 5:3 ratio (~224 ppi density)","Android 12, One UI 4",Unisoc UMS512 T618 (12 nm),Octa-core (2x2.0 GHz Cortex-A75 & 6x1.8 GHz Cortex-A55),Mali G52 MP2,microSDXC,"32GB 3GB RAM, 32GB 4GB RAM, 64GB 3GB RAM",eMMC 5.1,"8 MP, AF",1080p@30fps,5 MP,1080p@30fps,"Wi-Fi 802.11 a/b/g/n/ac, dual-band, Wi-Fi Direct","5.0, A2DP, LE","GPS, GLONASS, BDS, GALILEO",No,No,USB Type-C 2.0,"Accelerometer, gyro, proximity, compass","Li-Po 7040 mAh, non-removable","Dark Gray, Silver, Gold",SM-T509,1.54 W/kg (body),About 250 EUR
https://www.gsmarena.com/samsung_galaxy_a04e-11945.php,https://fdn2.gsmarena.com/vv/bigpic/samsung-galaxy-a04e.jpg,Samsung Galaxy A04e,"Released 2022, November 07","188g, 9.1mm thickness","Android 12, One UI Core 4.1","32GB/64GB/128GB storage, microSDXC","6.5""",720x1600 pixels,3/4 GB RAM,5000 mAh Li-Po,GSM 850 / 900 / 1800 / 1900 - SIM 1 & SIM 2 (dual-SIM model only),HSDPA 850 / 900 / 2100,"1, 3, 5, 7, 8, 20, 28, 38, 40, 41","HSPA, LTE","2022, October 21","Available. Released 2022, November 07",164.2 x 75.9 x 9.1 mm (6.46 x 2.99 x 0.36 in),188 g (6.63 oz),"Glass front, plastic back, plastic frame","Single SIM (Nano-SIM) or Dual SIM (Nano-SIM, dual stand-by)",PLS LCD,"6.5 inches, 102.0 cm(~81.8% screen-to-body ratio)","720 x 1600 pixels, 20:9 ratio (~270 ppi density)","Android 12, One UI Core 4.1",Mediatek MT6765 Helio P35 (12nm),Octa-core (4x2.3 GHz Cortex-A53 & 4x1.8 GHz Cortex-A53),PowerVR GE8320,microSDXC (dedicated slot),"32GB 3GB RAM, 32GB 4GB RAM, 64GB 3GB RAM, 64GB 4GB RAM, 128GB 4GB RAM","13 MP, f/2.2, (wide), AF",LED flash,1080p@30fps,"5 MP, f/2.2",Yes,"Wi-Fi 802.11 b/g/n, Wi-Fi Direct","5.0, A2DP, LE","GPS, GLONASS, GALILEO, BDS",No,Unspecified,"USB Type-C 2.0, OTG","Accelerometer, proximity","Li-Po 5000 mAh, non-removable","Black, Copper, Light Blue","SM-A042F, SM-A042F/DS, SM-A042M, SM-A042M/DS",0.29 W/kg (head)     1.11 W/kg (body),
https://www.gsmarena.com/samsung_galaxy_tab_active4_pro-11840.php,https://fdn2.gsmarena.com/vv/bigpic/samsung-galaxy-tab-active4-pro.jpg,Samsung Galaxy Tab Active4 Pro,"Released 2022, September 13","674g, 10.2mm thickness",Android 12,"64GB/128GB storage, microSDXC","10.1""",1920x1200 pixels,4 GB RAM,7600 mAh Li-Po,GSM 850 / 900 / 1800 / 1900 - SIM 1 & SIM 2 (dual-SIM model only),HSDPA 850 / 900 / 1700(AWS) / 1900 / 2100,"1, 2, 3, 4, 5, 7, 8, 12, 13, 17, 20, 25, 26, 28, 32, 38, 40, 41, 66","1, 3, 5, 7, 8, 20, 28, 38, 40, 41, 66, 77, 78 SA/NSA/Sub6","HSPA, LTE-A, 5G","2022, August 31","Available. Released 2022, September 13",242.9 x 170.2 x 10.2 mm (9.56 x 6.70 x 0.40 in),674 g (1.49 lb),"Single SIM (Nano-SIM) or Hybrid Dual SIM (Nano-SIM, dual stand-by)",Stylus,TFT LCD,"10.1 inches, 295.8 cm(~71.5% screen-to-body ratio)","1920 x 1200 pixels, 16:10 ratio (~224 ppi density)",Corning Gorilla Glass 5,Android 12,Qualcomm SM7325 Snapdragon 778G 5G (6 nm),Octa-core (1x2.4 GHz Cortex-A78 & 3x2.2 GHz Cortex-A78 & 4x1.8 GHz Cortex-A55),Adreno 642L,microSDXC (uses shared SIM slot),"64GB 4GB RAM, 128GB 6GB RAM","13 MP, f/1.9, AF","LED flash, HDR, panorama","4K@30fps, 1080p@30fps","8 MP, f/2.0",1080p@30fps,"Wi-Fi 802.11 a/b/g/n/ac/6, dual-band, Wi-Fi Direct","5.2, A2DP, LE","GPS, GLONASS, BDS, GALILEO, QZSS",Yes,No,"USB Type-C 3.2, charging/accessories connector pins","Fingerprint (front-mounted), accelerometer, gyro, proximity, compass",Samsung DeX,"Li-Po 7600 mAh, removable",Black,SM-T636B,1.12 W/kg (body),About 830 EUR
https://www.gsmarena.com/samsung_galaxy_a04s-11803.php,https://fdn2.gsmarena.com/vv/bigpic/samsung-galaxy-a04s.jpg,Samsung Galaxy A04s,"Released 2022, September 22","195g, 9.1mm thickness","Android 12, up to Android 13, One UI Core 5","32GB/64GB/128GB storage, microSDXC","6.5""",720x1600 pixels,3/4 GB RAM,5000 mAh Li-Po,GSM 850 / 900 / 1800 / 1900 - SIM 1 & SIM 2,HSDPA 850 / 900 / 2100,"1, 3, 5, 7, 8, 20, 28, 38, 40, 41","HSPA, LTE-A","2022, August 31","Available. Released 2022, September 22",164.7 x 76.7 x 9.1 mm (6.48 x 3.02 x 0.36 in),195 g (6.88 oz),"Glass front, plastic back, plastic frame","Dual SIM (Nano-SIM, dual stand-by)","PLS LCD, 90Hz, 400 nits (peak)","6.5 inches, 102.0 cm(~80.7% screen-to-body ratio)","720 x 1600 pixels, 20:9 ratio (~270 ppi density)","Android 12, upgradable to Android 13, One UI Core 5",Exynos 850 (8nm),Octa-core (4x2.0 GHz Cortex-A55 & 4x2.0 GHz Cortex-A55),Mali-G52,microSDXC (dedicated slot),"32GB 3GB RAM, 32GB 4GB RAM, 64GB 4GB RAM, 128GB 4GB RAM",eMMC 5.1,"50 MP, f/1.8, (wide), PDAF","LED flash, panorama, HDR",1080p@30fps,"5 MP, f/2.2, (wide)",720p@30fps,"Wi-Fi 802.11 a/b/g/n/ac, dual-band, Wi-Fi Direct","5.0, A2DP, LE","GPS, GLONASS, BDS, GALILEO, QZSS",Yes,No,USB Type-C 2.0,"Fingerprint (side-mounted), accelerometer",Virtual Proximity Sensing,"Li-Po 5000 mAh, non-removable","Black, Green, White, Copper","SM-A047F, SM-A047F/DS, SM-A047F/DSN",0.52 W/kg (head)     1.23 W/kg (body),,AnTuTu: 145123(v9),
https://www.gsmarena.com/samsung_galaxy_a04-11817.php,https://fdn2.gsmarena.com/vv/bigpic/samsung-galaxy-a04.jpg,Samsung Galaxy A04,"Released 2022, October 10","192g, 9.1mm thickness","Android 12, up to Android 13, One UI Core 5.0","32GB/64GB/128GB storage, microSDXC","6.5""",720x1600 pixels,3-8 GB RAM,5000 mAh Li-Po,GSM 850 / 900 / 1800 / 1900 - SIM 1 & SIM 2 (dual-SIM model only),HSDPA 850 / 900 / 2100,"1, 3, 5, 7, 8, 20, 28, 38, 40, 41","HSPA 42.2/5.76 Mbps, LTE Cat4 150/50 Mbps","2022, August 24","Available. Released 2022, October 10",164.4 x 76.3 x 9.1 mm (6.47 x 3.00 x 0.36 in),192 g (6.77 oz),"Glass front, plastic back, plastic frame","Single SIM (Nano-SIM) or Dual SIM (Nano-SIM, dual stand-by)",PLS LCD,"6.5 inches, 102.0 cm(~81.3% screen-to-body ratio)","720 x 1600 pixels, 20:9 ratio (~270 ppi density)","Android 12, upgradable to Android 13, One UI Core 5.0",Octa-core (4x2.3 GHz & 4x1.8 GHz),microSDXC (dedicated slot),"32GB 3GB RAM, 32GB 4GB RAM, 64GB 4GB RAM, 64GB 6GB RAM, 128GB 4GB RAM, 128GB 8GB RAM",eMMC 5.1,"50 MP, f/1.8, (wide), AF",LED flash,1080p@30fps,"5 MP, f/2.2",Yes,"Wi-Fi 802.11 a/b/g/n/ac, dual-band, Wi-Fi Direct","5.0, A2DP, LE","GPS, GLONASS, GALILEO, BDS",No,Unspecified,USB Type-C 2.0,"Accelerometer, proximity","Li-Po 5000 mAh, non-removable","Black, Green, White, Copper","SM-A045F, SM-A045F/DS",0.32 W/kg (head)     1.10 W/kg (body),
https://www.gsmarena.com/samsung_galaxy_z_fold4-11737.php,https://fdn2.gsmarena.com/vv/bigpic/samsung-galaxy-z-fold4-5g.jpg,Samsung Galaxy Z Fold4,"Released 2022, August 25","263g, 6.3mm thickness","Android 12L, up to Android 13, One UI 5.1","256GB/512GB/1TB storage, no card slot","7.6""",1812x2176 pixels,12 GB RAM,4400 mAh Li-Po,GSM 850 / 900 / 1800 / 1900 - SIM 1 & SIM 2 (dual-SIM model only),HSDPA 850 / 900 / 1700(AWS) / 1900 / 2100,LTE,SA/NSA/Sub6/mmWave,"HSPA 42.2/5.76 Mbps, LTE-A (7CA) Cat20 2000/200 Mbps, 5G","2022, August 10","Available. Released 2022, August 25",Unfolded: 155.1 x 130.1 x 6.3 mmFolded: 155.1 x 67.1 x 14.2-15.8 mm,263 g (9.28 oz),"Glass front (Gorilla Glass Victus+) (folded), plastic front (unfolded), glass back (Gorilla Glass Victus+), aluminum frame","Nano-SIM and eSIM or Dual SIM (2 Nano-SIMs and eSIM, dual stand-by)",IPX8 water resistant (up to 1.5m for 30 min),"Foldable Dynamic AMOLED 2X, 120Hz, HDR10+, 1200 nits (peak)","7.6 inches, 183.2 cm(~90.9% screen-to-body ratio)",1812 x 2176 pixels (~373 ppi density),Cover display:,"Android 12L, upgradable to Android 13, One UI 5.1",Qualcomm SM8475 Snapdragon 8+ Gen 1 (4 nm),Octa-core (1x3.19 GHz Cortex-X2 & 3x2.75 GHz Cortex-A710 & 4x1.80 GHz Cortex-A510),Adreno 730,No,"256GB 12GB RAM, 512GB 12GB RAM, 1TB 12GB RAM",UFS 3.1,"50 MP, f/1.8, 23mm (wide), 1.0µm, Dual Pixel PDAF, OIS","LED flash, HDR, panorama","8K@24fps, 4K@60fps, 1080p@60/240fps (gyro-EIS), 720p@960fps (gyro-EIS), HDR10+","4 MP, f/1.8, 26mm (wide), 2.0µm, under display",HDR,"4K@30/60fps, 1080p@30/60fps, gyro-EIS",32-bit/384kHz audio,"Wi-Fi 802.11 a/b/g/n/ac/6e, dual-band, Wi-Fi Direct","5.2, A2DP, LE, aptX HD","GPS, GLONASS, GALILEO, BDS",Yes,No,"USB Type-C 3.2, OTG","Fingerprint (side-mounted), accelerometer, gyro, proximity, compass, barometer","Bixby natural language commands and dictationSamsung DeX (desktop experience support)Samsung Pay (Visa, MasterCard certified)Ultra Wideband (UWB) support","Li-Po 4400 mAh, non-removable","Graygreen, Phantom Black, Beige, Burgundy","SM-F936B, SM-F936B/DS, SM-F936U, SM-F936U1, SM-F936N, SM-F936W",0.96 W/kg (head)     0.92 W/kg (body),1.30 W/kg (head)     1.51 W/kg (body),,AnTuTu: 964530 (v9)GeekBench: 3981 (v5.1)GFXBench: 43fps (ES 3.1 onscreen),
https://www.gsmarena.com/samsung_galaxy_z_flip4-11538.php,https://fdn2.gsmarena.com/vv/bigpic/samsung-galaxy-z-flip4-5g.jpg,Samsung Galaxy Z Flip4,"Released 2022, August 25","187g, 6.9mm thickness","Android 12, up to Android 13, One UI 5.1","128GB/256GB/512GB storage, no card slot","6.7""",1080x2640 pixels,8 GB RAM,3700 mAh Li-Po,GSM 850 / 900 / 1800 / 1900,HSDPA 850 / 900 / 1700(AWS) / 1900 / 2100,LTE,SA/NSA/Sub6/mmWave,"HSPA, LTE-A (6CA), 5G","2022, August 10","Available. Released 2022, August 25",Unfolded: 165.2 x 71.9 x 6.9 mmFolded: 84.9 x 71.9 x 15.9-17.1 mm,187 g (6.60 oz),"Plastic front (opened), glass back (Gorilla Glass Victus+), aluminum frame",Nano-SIM and eSIM,IPX8 water resistant (up to 1.5m for 30 min),"Foldable Dynamic AMOLED 2X, 120Hz, HDR10+, 1200 nits (peak)","6.7 inches, 101.5 cm(~85.4% screen-to-body ratio)",1080 x 2640 pixels (~426 ppi density),Cover display:,"Android 12, upgradable to Android 13, One UI 5.1",Qualcomm SM8475 Snapdragon 8+ Gen 1 (4 nm),Octa-core (1x3.19 GHz Cortex-X2 & 3x2.75 GHz Cortex-A710 & 4x1.80 GHz Cortex-A510),Adreno 730,No,"128GB 8GB RAM, 256GB 8GB RAM, 512GB 8GB RAM",UFS 3.1,"12 MP, f/1.8, 24mm (wide), 1/1.76"", 1.8µm, Dual Pixel PDAF, OIS","LED flash, HDR, panorama","4K@30/60fps, 1080p@60/240fps, 720p@960fps, HDR10+","10 MP, f/2.4, 26mm (wide), 1.22µm",HDR,4K@30fps,32-bit/384kHz audio,"Wi-Fi 802.11 a/b/g/n/ac/6, dual-band, Wi-Fi Direct","5.2, A2DP, LE","GPS, GLONASS, GALILEO, BDS",Yes,No,"USB Type-C 2.0, OTG","Fingerprint (side-mounted), accelerometer, gyro, proximity, compass, barometer","Samsung Pay (Visa, MasterCard certified)","Li-Po 3700 mAh, non-removable","Bora Purple, Graphite, Pink Gold, Blue, Yellow, White, Navy, Khaki, Red","SM-F721B, SM-F721B/DS, SM-F721N, SM-F721U, SM-F721U1, SM-F721W",1.02 W/kg (head)     0.94 W/kg (body),1.15 W/kg (head)     1.20 W/kg (body),,AnTuTu: 685754 (v8) | 800001 (v9),
https://www.gsmarena.com/samsung_galaxy_watch5_pro-11749.php,https://fdn2.gsmarena.com/vv/bigpic/samsung-galaxy-watch5pro.jpg,Samsung Galaxy Watch5 Pro,"Released 2022, August 26","46.5g, 10.5mm thickness","Android Wear OS 3.5, One UI Watch 4.5","16GB storage, no card slot","1.4""",450x450 pixels,1.5 GB RAM,590 mAh Li-Ion,GSM 850 / 900 / 1800 / 1900,HSDPA 850 / 900 / 2100,LTE,"HSPA, LTE","2022, August 10","Available. Released 2022, August 26",45.4 x 45.4 x 10.5 mm (1.79 x 1.79 x 0.41 in),46.5 g (1.66 oz),"Glass front (Sapphire crystal), titanium frame",eSIM,MIL-STD-810H compliant*,Super AMOLED,1.4 inches,450 x 450 pixels (~321 ppi density),Sapphire crystal,Always-on display,"Android Wear OS 3.5, One UI Watch 4.5",Exynos W920 (5 nm),Dual-core 1.18 GHz Cortex-A55,Mali-G68,No,16GB 1.5GB RAM,No,"Wi-Fi 802.11 a/b/g/n, dual-band","5.2, A2DP, LE","GPS, GLONASS, GALILEO, BDS",Yes,No,No,"Accelerometer, gyro, heart rate, barometer, thermometer (body temperature)",Natural language commands and dictation,"Li-Ion 590 mAh, non-removable","Black Titanium, Gray Titanium",SM-R925F,
https://www.gsmarena.com/samsung_galaxy_watch5-11748.php,https://fdn2.gsmarena.com/vv/bigpic/samsung-galaxy-watch5.jpg,Samsung Galaxy Watch5,"Released 2022, August 26","33.5g (44mm), 28.7g (40mm), 9.8mm thickness","Android Wear OS 3.5, One UI Watch 4.5","16GB storage, no card slot","1.4""",450x450 pixels,1.5 GB RAM,410 mAh Li-Ion,GSM 850 / 900 / 1800 / 1900,HSDPA 850 / 900 / 2100,LTE,"HSPA, LTE","2022, August 10","Available. Released 2022, August 26",44.4 x 43.3 x 9.8 mm (1.75 x 1.70 x 0.39 in),"33.5 g (44mm), 28.7 g (40mm) (1.02 oz)","Glass front (Sapphire crystal), aluminum frame",eSIM,MIL-STD-810H compliant*,Super AMOLED,1.4 inches,450 x 450 pixels (~321 ppi density),Sapphire crystal,Always-on display,"Android Wear OS 3.5, One UI Watch 4.5",Exynos W920 (5 nm),Dual-core 1.18 GHz Cortex-A55,Mali-G68,No,16GB 1.5GB RAM,No,"Wi-Fi 802.11 a/b/g/n, dual-band","5.2, A2DP, LE","GPS, GLONASS, GALILEO, BDS",Yes,No,No,"Accelerometer, gyro, heart rate, barometer",Natural language commands and dictation,"Li-Ion 410 mAh, non-removable","Graphite, Silver, Pink Gold, Sapphire","SM-R915F, SM-R905F",
https://www.gsmarena.com/samsung_galaxy_a23_5g-11736.php,https://fdn2.gsmarena.com/vv/bigpic/samsung-galaxy-a23-5g.jpg,Samsung Galaxy A23 5G,"Released 2022, September 02","197g, 8.4mm thickness","Android 12, up to Android 13, One UI 5","64GB/128GB storage, microSDXC","6.6""",1080x2408 pixels,4-8 GB RAM,5000 mAh Li-Po,GSM 850 / 900 / 1800 / 1900 - SIM 1 & SIM 2 (dual-SIM only),HSDPA 850 / 900 / 1700(AWS) / 1900 / 2100,"1, 2, 3, 4, 5, 7, 8, 12, 17, 20, 26, 28, 32, 38, 40, 41, 66 - International","1, 3, 7, 8, 20, 28, 38, 40, 41, 77, 78 SA/NSA/Sub6 - International","HSPA, LTE-A, 5G","2022, August 05","Available. Released 2022, September 02",165.4 x 76.9 x 8.4 mm (6.51 x 3.03 x 0.33 in),197 g (6.95 oz),"Glass front (Gorilla Glass 5), plastic frame, plastic back","Single SIM (Nano-SIM) or Dual SIM (Nano-SIM, dual stand-by)","PLS LCD, 120Hz","6.6 inches, 104.9 cm(~82.5% screen-to-body ratio)","1080 x 2408 pixels, 20:9 ratio (~400 ppi density)",Corning Gorilla Glass 5,"Android 12, upgradable to Android 13, One UI 5",Qualcomm SM6375 Snapdragon 695 5G (6 nm),Octa-core (2x2.2 GHz Kryo 660 Gold & 6x1.7 GHz Kryo 660 Silver),Adreno 619,microSDXC (dedicated slot),"64GB 4GB RAM, 64GB 6GB RAM, 128GB 4GB RAM, 128GB 6GB RAM, 128GB 8GB RAM","50 MP, f/1.8, (wide), PDAF, OIS","LED flash, panorama, HDR",1080p@30fps,"8 MP, f/2.0, (wide) - USA",1080p@30fps,"Wi-Fi 802.11 a/b/g/n/ac, dual-band, Wi-Fi Direct","5.1, A2DP, LE","GPS, GLONASS, GALILEO, BDS",Yes,No,USB Type-C 2.0,"Fingerprint (side-mounted), accelerometer, gyro, compass, barometer (USA only)",Virtual proximity sensing,"Li-Po 5000 mAh, non-removable","Black, White, Peach, Blue","SM-A236U, SM-A236U1, SM-A236B, SM-A236B/DS, SM-A236B/DSN, SM-A236E",0.68 W/kg (head)     0.57 W/kg (body),1.49 W/kg (head)     1.25 W/kg (body),,AnTuTu: 318821 (v9),
https://www.gsmarena.com/samsung_galaxy_m13_5g-11633.php,https://fdn2.gsmarena.com/vv/bigpic/samsung-galaxy-m13-5g.jpg,Samsung Galaxy M13 5G,"Released 2022, July 23","195g, 8.8mm thickness","Android 12, One UI Core 4","64GB/128GB storage, microSDXC","6.5""",720x1600 pixels,4/6 GB RAM,5000 mAh Li-Po,GSM 850 / 900 / 1800 / 1900 - SIM 1 & SIM 2,HSDPA 850 / 900 / 1900 / 2100,"1, 2, 3, 4, 5, 7, 8, 12, 17, 20, 26, 28, 38, 40, 41, 66","1, 3, 5, 7, 8, 20, 28, 38, 40, 41, 78 SA/NSA/Sub6","HSPA, LTE-A, 5G","2022, July 14","Available. Released 2022, July 23",164.5 x 76.5 x 8.8 mm (6.48 x 3.01 x 0.35 in),195 g (6.88 oz),"Glass front (Gorilla Glass 3), plastic back, plastic frame","Dual SIM (Nano-SIM, dual stand-by)","PLS LCD, 90Hz, 400 nits (typ)","6.5 inches, 102.0 cm(~81.1% screen-to-body ratio)","720 x 1600 pixels, 20:9 ratio (~270 ppi density)",Corning Gorilla Glass 3,"Android 12, One UI Core 4",Mediatek MT6833 Dimensity 700 (7 nm),Octa-core (2x2.2 GHz Cortex-A76 & 6x2.0 GHz Cortex-A55),Mali-G57 MC2,microSDXC (dedicated slot),"64GB 4GB RAM, 128GB 6GB RAM","50 MP, f/1.8, (wide), PDAF","LED flash, panorama, HDR",1080p@30fps,"5 MP, f/2.0, (wide)",HDR,,"Wi-Fi 802.11 a/b/g/n/ac, dual-band","5.0, A2DP, LE","GPS, GLONASS, BDS, GALILEO, QZSS",No,Unspecified,USB Type-C 2.0,"Fingerprint (side-mounted), accelerometer, gyro, compass",Virtual proximity sensing,"Li-Po 5000 mAh, non-removable","Midnight Blue, Aqua Green, Stardust Brown","SM-M136B, SM-M136B/DS",0.73 W/kg (head),0.84 W/kg (head)     1.33 W/kg (body),
https://www.gsmarena.com/samsung_galaxy_m13_(india)-11654.php,https://fdn2.gsmarena.com/vv/bigpic/samsung-galaxy-m13-4g-india.jpg,Samsung Galaxy M13 (India),"Released 2022, July 23","207g, 9.3mm thickness","Android 12, One UI Core 4","64GB/128GB storage, microSDXC","6.6""",1080x2408 pixels,4/6 GB RAM,6000 mAh Li-Po,GSM 850 / 900 / 1800 / 1900 - SIM 1 & SIM 2,HSDPA 850 / 900 / 2100,"1, 3, 5, 7, 8, 20, 28, 38, 40, 41","HSPA, LTE-A","2022, July 14","Available. Released 2022, July 23",165.4 x 76.9 x 9.3 mm (6.51 x 3.03 x 0.37 in),207 g (7.30 oz),"Glass front (Gorilla Glass 5), plastic back, plastic frame","Dual SIM (Nano-SIM, dual stand-by)",PLS LCD,"6.6 inches, 104.9 cm(~82.5% screen-to-body ratio)","1080 x 2408 pixels, 20:9 ratio (~400 ppi density)",Corning Gorilla Glass 5,"Android 12, One UI Core 4",Exynos 850 (8nm),Octa-core (4x2.0 GHz Cortex-A55 & 4x2.0 GHz Cortex-A55),Mali-G52,microSDXC (dedicated slot),"64GB 4GB RAM, 128GB 6GB RAM",eMMC 5.1,"50 MP, f/1.8, (wide), PDAF","LED flash, panorama, HDR",1080p@30fps,"8 MP, f/2.2, (wide)",HDR,1080p@30fps,"Wi-Fi 802.11 a/b/g/n/ac, dual-band, Wi-Fi Direct","5.0, A2DP, LE","GPS, GLONASS, BDS, GALILEO, QZSS",No,No,USB Type-C 2.0,"Fingerprint (side-mounted), accelerometer, compass",Virtual proximity sensing,"Li-Po 6000 mAh, non-removable","Midnight Blue, Aqua Green, Stardust Brown","SM-M135FU, SM-M135FU/DS",0.56 W/kg (head),
https://www.gsmarena.com/samsung_galaxy_a13_(sm_a137)-11665.php,https://fdn2.gsmarena.com/vv/bigpic/samsung-galaxy-a13-a137.jpg,Samsung Galaxy A13 (SM-A137),"Released 2022, July","195g, 8.8mm thickness","Android 12, up to Android 13, One UI 5","32GB/64GB/128GB storage, microSDXC","6.6""",1080x2408 pixels,3/4 GB RAM,5000 mAh Li-Po,GSM 850 / 900 / 1800 / 1900 - SIM 1 & SIM 2 (dual-SIM only),HSDPA 850 / 900 / 2100,"1, 3, 5, 7, 8, 20, 28, 38, 40, 41","HSPA, LTE-A","2022, June","Available. Released 2022, July",165.1 x 76.4 x 8.8 mm (6.5 x 3.01 x 0.35 in),195 g (6.88 oz),"Glass front (Gorilla Glass 5), plastic frame, plastic back","Single SIM (Nano-SIM) or Dual SIM (Nano-SIM, dual stand-by)",PLS LCD,"6.6 inches, 104.9 cm(~83.2% screen-to-body ratio)","1080 x 2408 pixels, 20:9 ratio (~400 ppi density)",Corning Gorilla Glass 5,"Android 12, upgradable to Android 13, One UI 5",Mediatek MT6769V/CU Helio G80 (12 nm),Octa-core (2x2.0 GHz Cortex-A75 & 6x1.8 GHz Cortex-A55),Mali-G52 MC2,microSDXC (dedicated slot),"32GB 3GB RAM, 32GB 4GB RAM, 64GB 4GB RAM, 128GB 4GB RAM",eMMC 5.1,"50 MP, f/1.8, (wide), PDAF","LED flash, panorama, HDR",1080p@30fps,"8 MP, f/2.2, (wide)",1080p@30fps,"Wi-Fi 802.11 a/b/g/n/ac, dual-band, Wi-Fi Direct","5.2, A2DP, LE","GPS, GLONASS, GALILEO, BDS",Yes,No,"USB Type-C 2.0, OTG","Fingerprint (side-mounted), accelerometer, compass",Virtual proximity sensing,"Li-Po 5000 mAh, non-removable","Black, White, Blue","SM-A137F, SM-A137F/DSN, SM-A137F/DS",0.35 W/kg (head)     1.22 W/kg (body),
https://www.gsmarena.com/samsung_galaxy_xcover6_pro-11600.php,https://fdn2.gsmarena.com/vv/bigpic/samsung-galaxy-xcover6-pro-r.jpg,Samsung Galaxy Xcover6 Pro,"Released 2022, July 13","235g, 9.9mm thickness","Android 12, up to Android 13, One UI 5","128GB storage, microSDXC","6.6""",1080x2408 pixels,6 GB RAM,4050 mAh Li-Po,GSM 850 / 900 / 1800 / 1900 - SIM 1 & SIM 2 (Dual SIM model only),HSDPA 850 / 900 / 1700(AWS) / 1900 / 2100,"1, 2, 3, 4, 5, 7, 8, 12, 17, 20, 26, 28, 32, 38, 39, 40, 41, 66","1, 3, 5, 7, 8, 20, 28, 38, 40, 41, 78 SA/NSA","HSPA, LTE-A, 5G","2022, June 29","Available. Released 2022, July 13",168.8 x 79.9 x 9.9 mm (6.65 x 3.15 x 0.39 in),235 g (8.29 oz),"Single SIM (Nano-SIM) or Dual SIM (Nano-SIM, dual stand-by)",IP68 dust/water resistant (up to 1.5m for 35 min),"PLS LCD, 120Hz","6.6 inches, 104.9 cm(~77.8% screen-to-body ratio)","1080 x 2408 pixels, 20:9 ratio (~400 ppi density)",Corning Gorilla Glass Victus+,"Android 12, upgradable to Android 13, One UI 5",Qualcomm SM7325 Snapdragon 778G 5G (6 nm),Octa-core (1x2.4 GHz Cortex-A78 & 3x2.2 GHz Cortex-A78 & 4x1.9 GHz Cortex-A55),Adreno 642L,microSDXC (dedicated slot),128GB 6GB RAM,"50 MP, f/1.8, (wide), 1/2.76"", 0.64µm, PDAF","Dual-LED flash, HDR, panorama","4K@30fps, 1080p@30fps","13 MP, f/2.2, (wide), 1/3.1"", 1.12µm",HDR,1080p@30fps,"Wi-Fi 802.11 a/b/g/n/ac/mc/6e, tri-band, Wi-Fi Direct","5.2, A2DP, LE","GPS, GLONASS, BDS, GALILEO, QZSS",Yes,No,"USB Type-C 3.2, charging connector pins","Fingerprint (side-mounted), accelerometer, gyro, proximity, compass, barometer",Samsung DeX support,"Li-Po 4050 mAh, removable",Black,"SM-G736U, SM-G736U1, SM-G736B, SM-G736B/DS",1.03 W/kg (head)     1.08 W/kg (body),1.48 W/kg (head)     1.23 W/kg (body),
https://www.gsmarena.com/samsung_galaxy_f13-11624.php,https://fdn2.gsmarena.com/vv/bigpic/samsung-galaxy-f13.jpg,Samsung Galaxy F13,"Released 2022, June 29","207g, 9.3mm thickness","Android 12, up to Android 13, One UI Core 5","64GB/128GB storage, microSDXC","6.6""",1080x2408 pixels,4 GB RAM,6000 mAh Li-Po,GSM 850 / 900 / 1800 / 1900 - SIM 1 & SIM 2,HSDPA 850 / 900 / 2100,"1, 3, 5, 7, 8, 20, 28, 38, 40, 41","HSPA, LTE-A","2022, June 22","Available. Released 2022, June 29",165.4 x 76.9 x 9.3 mm (6.51 x 3.03 x 0.37 in),207 g (7.30 oz),"Glass front (Gorilla Glass 5), plastic back, plastic frame","Dual SIM (Nano-SIM, dual stand-by)",PLS LCD,"6.6 inches, 104.9 cm(~82.5% screen-to-body ratio)","1080 x 2408 pixels, 20:9 ratio (~400 ppi density)",Corning Gorilla Glass 5,"Android 12, upgradable to Android 13, One UI Core 5",Exynos 850 (8nm),Octa-core (4x2.0 GHz Cortex-A55 & 4x2.0 GHz Cortex-A55),Mali-G52,microSDXC (dedicated slot),"64GB 4GB RAM, 128GB 4GB RAM",eMMC 5.1,"50 MP, f/1.8, (wide), PDAF","LED flash, panorama, HDR",1080p@30fps,"8 MP, f/2.2, (wide)",HDR,1080p@30fps,"Wi-Fi 802.11 a/b/g/n/ac, dual-band","5.0, A2DP, LE","GPS, GLONASS, GALILEO, BDS",Yes,FM radio,"USB Type-C 2.0, OTG","Fingerprint (side-mounted), accelerometer, compass",Virtual proximity sensing,"Li-Po 6000 mAh, non-removable","Waterfall Blue, Sunrise Copper, Nightsky Green","SM-E135F, SM-E135F/DS",0.55 W/kg (head),0.45 W/kg (head)     1.36 W/kg (body),
https://www.gsmarena.com/samsung_galaxy_m13-11564.php,https://fdn2.gsmarena.com/vv/bigpic/samsung-galaxy-m13.jpg,Samsung Galaxy M13,"Released 2022, July 01","192g, 8.4mm thickness","Android 12, One UI Core 4.1","64GB/128GB storage, microSDXC","6.6""",1080x2408 pixels,4 GB RAM,5000 mAh Li-Po,GSM 850 / 900 / 1800 / 1900 - SIM 1 & SIM 2,HSDPA 850 / 900 / 2100,"1, 3, 5, 7, 8, 20, 28, 38, 40, 41","HSPA, LTE-A","2022, May 27","Available. Released 2022, July 01",165.4 x 76.9 x 8.4 mm (6.51 x 3.03 x 0.33 in),192 g (6.77 oz),"Glass front, plastic back, plastic frame","Dual SIM (Nano-SIM, dual stand-by)",PLS LCD,"6.6 inches, 104.9 cm(~82.5% screen-to-body ratio)","1080 x 2408 pixels, 20:9 ratio (~400 ppi density)","Android 12, One UI Core 4.1",Exynos 850 (8nm),Octa-core (4x2.0 GHz Cortex-A55 & 4x2.0 GHz Cortex-A55),Mali-G52,microSDXC (dedicated slot),"64GB 4GB RAM, 128GB 4GB RAM",eMMC 5.1,"50 MP, f/1.8, (wide), PDAF","LED flash, panorama, HDR",1080p@30fps,"8 MP, f/2.2, (wide)",HDR,1080p@30fps,"Wi-Fi 802.11 a/b/g/n/ac, dual-band","5.0, A2DP, LE","GPS, GLONASS, GALILEO, BDS",Yes (market/region dependent),No,USB Type-C 2.0,"Fingerprint (side-mounted), accelerometer, compass",Virtual proximity sensing,"Li-Po 5000 mAh, non-removable","Deep Green, Orange Copper, Light Blue","SM-M135F, SM-M135F/DSN",0.45 W/kg (head)     1.36 W/kg (body),
https://www.gsmarena.com/samsung_galaxy_tab_s6_lite_(2022)-11524.php,https://fdn2.gsmarena.com/vv/bigpic/galaxy-tab-s6-lite-2022-lte-sm-p619-.jpg,Samsung Galaxy Tab S6 Lite (2022),"Released 2022, May 23","465/467g, 7mm thickness","Android 12, up to Android 13, One UI 5","64GB/128GB storage, microSDXC","10.4""",1200x2000 pixels,4 GB RAM,7040 mAh Li-Po,GSM 850 / 900 / 1800 / 1900,HSDPA 850 / 900 / 1700(AWS) / 1800 / 2100,"1, 2, 3, 4, 5, 7, 8, 12, 17, 20, 28, 38, 40, 41, 66","HSPA, LTE-A","2022, May 14","Available. Released 2022, May 23",244.5 x 154.3 x 7 mm (9.63 x 6.07 x 0.28 in),465/467 g (1.03 lb),"Glass front, aluminum back, aluminum frame",Nano-SIM,Stylus support,TFT LCD,"10.4 inches, 307.9 cm(~81.6% screen-to-body ratio)","1200 x 2000 pixels, 5:3 ratio (~224 ppi density)","Android 12, upgradable to Android 13, One UI 5",Qualcomm SM7125 Snapdragon 720G (8 nm),Octa-core (2x2.3 GHz Kryo 465 Gold & 6x1.8 GHz Kryo 465 Silver),Adreno 618,microSDXC (dedicated slot),"64GB 4GB RAM, 128GB 4GB RAM","8 MP, (wide), 1/4.0"", 1.12µm","HDR, panorama",1080p@30fps,"5 MP, (wide), 1/5.0"", 1.12µm",1080p@30fps,Tuned by AKG,"Wi-Fi 802.11 a/b/g/n/ac, dual-band, Wi-Fi Direct","5.0, A2DP, LE","GPS, GLONASS, BDS, GALILEO, QZSS",No,No,USB Type-C,"Accelerometer, proximity, gyro",ANT+,"Li-Po 7040 mAh, non-removable","Chiffon Pink, Angora Blue, Oxford Gray","SM-P613, SM-P619",1.01 W/kg (body),About 400 EUR
https://www.gsmarena.com/samsung_galaxy_m53-11439.php,https://fdn2.gsmarena.com/vv/bigpic/samsung-galaxy-m53-5g.jpg,Samsung Galaxy M53,"Released 2022, April 22","176g, 7.4mm thickness","Android 12, up to Android 13, One UI 5","128GB/256GB storage, microSDXC","6.7""",1080x2408 pixels,6/8 GB RAM,5000 mAh Li-Ion,GSM 850 / 900 / 1800 / 1900 - SIM 1 & SIM 2,HSDPA 850 / 900 / 1700(AWS) / 1900 / 2100,"1, 2, 3, 4, 5, 7, 8, 12, 17, 20, 26, 28, 38, 40, 41, 66","1, 3, 5, 7, 8, 20, 28, 38, 40, 41, 66, 78 SA/NSA/Sub6","HSPA, LTE-A, 5G","2022, April 07","Available. Released 2022, April 22",164.7 x 77 x 7.4 mm (6.48 x 3.03 x 0.29 in),176 g (6.21 oz),"Glass front (Gorilla Glass 5), plastic back, plastic frame","Hybrid Dual SIM (Nano-SIM, dual stand-by)","Super AMOLED Plus, 120Hz","6.7 inches, 108.1 cm(~85.3% screen-to-body ratio)","1080 x 2408 pixels, 20:9 ratio (~394 ppi density)",Corning Gorilla Glass 5,"Android 12, upgradable to Android 13, One UI 5",Mediatek MT6877 Dimensity 900 (6 nm),Octa-core (2x2.4 GHz Cortex-A78 & 6x2.0 GHz Cortex-A55),Mali-G68 MC4,microSDXC (uses shared SIM slot),"128GB 6GB RAM, 128GB 8GB RAM, 256GB 8GB RAM","108 MP, f/1.8, (wide), PDAF","LED flash, panorama, HDR","4K@30fps, 1080p@30/60fps","32 MP, f/2.2, 26mm (wide)","4K@30fps, 1080p@30fps","Wi-Fi 802.11 a/b/g/n/ac, dual-band, Wi-Fi Direct","5.2, A2DP, LE","GPS, GLONASS, GALILEO, BDS, QZSS",Yes (market/region dependent),No,"USB Type-C 2.0, OTG","Fingerprint (side-mounted), accelerometer, gyro, proximity, compass","Li-Ion 5000 mAh, non-removable","Green, Blue, Brown","SM-M536B, SM-M536B/DS, SM-M536B/DSN",1.31 W/kg (head),0.60 W/kg (head)     1.53 W/kg (body),,
https://www.gsmarena.com/samsung_galaxy_s20_fe_2022-11459.php,https://fdn2.gsmarena.com/vv/bigpic/samsung-galaxy-s20-fe-5g.jpg,Samsung Galaxy S20 FE 2022,"Released 2022, April 01","190g, 8.4mm thickness","Android 12, One UI 4.1","128GB storage, microSDXC","6.5""",1080x2400 pixels,6 GB RAM,4500 mAh Li-Ion,GSM 850 / 900 / 1800 / 1900 - SIM 1 & SIM 2,HSDPA 850 / 900 / 1700(AWS) / 1900 / 2100,LTE,SA/NSA/Sub6,"HSPA 42.2/5.76 Mbps, LTE-A (5CA) Cat19 1800/200 Mbps, 5G","2022, April 01","Available. Released 2022, April 01",159.8 x 74.5 x 8.4 mm (6.29 x 2.93 x 0.33 in),190 g (6.70 oz),"Glass front (Gorilla Glass 3), plastic back, aluminum frame","Hybrid Dual SIM (Nano-SIM, dual stand-by)",IP68 dust/water resistant (up to 1.5m for 30 min),"Super AMOLED, 120Hz, HDR10+","6.5 inches, 102.0 cm(~85.7% screen-to-body ratio)","1080 x 2400 pixels, 20:9 ratio (~405 ppi density)",Corning Gorilla Glass 3,Always-on display,"Android 12, One UI 4.1",Qualcomm SM8250 Snapdragon 865 5G (7 nm+),Octa-core (1x2.84 GHz Cortex-A77 & 3x2.42 GHz Cortex-A77 & 4x1.80 GHz Cortex-A55),Adreno 650,microSDXC (uses shared SIM slot),128GB 6GB RAM,UFS 3.1,"12 MP, f/1.8, 26mm (wide), 1/1.76"", 1.8µm, Dual Pixel PDAF, OIS","LED flash, auto-HDR, panorama","4K@30/60fps, 1080p@30/60fps, gyro-EIS","32 MP, f/2.2, 26mm (wide), 1/2.74"", 0.8µm",HDR,"4K@30/60fps, 1080p@30/60fps, gyro-EIS",32-bit/384kHz audio,"Wi-Fi 802.11 a/b/g/n/ac/6, dual-band, Wi-Fi Direct","5.0, A2DP, LE","GPS, GLONASS, BDS, GALILEO",Yes,No,"USB Type-C 3.2, OTG","Fingerprint (under display, optical), accelerometer, gyro, compass",Virtual proximity sensing,"Li-Ion 4500 mAh, non-removable","Cloud White, Cloud Lavender, Cloud Navy","SM-G781NK, SM-G781NK22",About 520 EUR
